filename	true_label	p_genuine	score_logprob	verdict	correct
D_0002027278	fake	0.000000	-16.1495	fake	yes
D_0002855728	fake	0.000000	-15.9405	fake	yes
D_0002326507	fake	0.000000	-15.6208	fake	yes
D_0002399398	genuine	0.981942	-0.0182	genuine	yes
D_0002132446	fake	0.000001	-14.4667	fake	yes
D_0002233456	fake	0.000000	-16.4931	fake	yes
D_0002618008	fake	0.000000	-17.3785	fake	yes
D_0002472730	fake	0.000000	-15.9867	fake	yes
D_0002047123	genuine	0.968624	-0.0319	genuine	yes
D_0002809171	genuine	0.997566	-0.0024	genuine	yes
D_0002592451	genuine	0.982346	-0.0178	genuine	yes
D_0002724646	fake	0.000000	-17.0731	fake	yes
D_0002574328	fake	0.000000	-16.7620	fake	yes
D_0002302840	fake	0.000000	-16.9306	fake	yes
D_0002033431	fake	0.000000	-15.6957	fake	yes
D_0002913205	fake	0.000000	-17.5596	fake	yes
D_0002386126	genuine	0.999992	-0.0000	genuine	yes
D_0002290345	fake	0.000000	-16.9605	fake	yes
D_0002939455	genuine	0.999372	-0.0006	genuine	yes
D_0002461663	genuine	0.985939	-0.0142	genuine	yes
D_0002861377	fake	0.000000	-14.8513	fake	yes
D_0002540266	genuine	0.963636	-0.0370	genuine	yes
D_0002229004	fake	0.000000	-15.9974	fake	yes
D_0002352232	genuine	0.996727	-0.0033	genuine	yes
D_0002135050	genuine	0.961451	-0.0393	genuine	yes
D_0002798419	fake	0.000000	-15.9876	fake	yes
D_0002308762	fake	0.000000	-17.3311	fake	yes
D_0002423023	genuine	0.880104	-0.1277	genuine	yes
D_0002676997	fake	0.000000	-15.9320	fake	yes
D_0002708959	fake	0.000000	-15.4225	fake	yes
D_0002330644	fake	0.000000	-15.6053	fake	yes
D_0002253595	fake	0.000000	-16.2937	fake	yes
D_0002566579	genuine	0.930144	-0.0724	genuine	yes
D_0002387869	fake	0.000000	-16.5004	fake	yes
D_0002161111	fake	0.000000	-16.7377	fake	yes
D_0002355319	genuine	0.975893	-0.0244	genuine	yes
D_0002808247	fake	0.000000	-17.2685	fake	yes
D_0002555974	fake	0.000000	-15.5516	fake	yes
D_0002039584	fake	0.000000	-16.5955	fake	yes
D_0002762173	fake	0.000001	-13.9229	fake	yes
D_0002908879	fake	0.000001	-13.8934	fake	yes
D_0002431528	fake	0.000000	-17.0633	fake	yes
D_0002867530	fake	0.000000	-16.6681	fake	yes
D_0002618176	fake	0.000000	-14.8233	fake	yes
D_0001992124	fake	0.000000	-14.8548	fake	yes
D_0002088409	genuine	0.998875	-0.0011	genuine	yes
D_0002726368	genuine	0.957210	-0.0437	genuine	yes
D_0002268043	fake	0.000000	-16.0851	fake	yes
D_0002904112	fake	0.000000	-15.6464	fake	yes
D_0002439004	fake	0.000000	-16.0025	fake	yes
D_0002471701	fake	0.000000	-16.8065	fake	yes
D_0002592493	fake	0.000000	-16.1185	fake	yes
D_0002818747	genuine	0.032966	-3.4123	fake	NO
D_0002149393	genuine	0.002548	-5.9725	fake	NO
D_0002373358	fake	0.000000	-15.8956	fake	yes
D_0002020201	fake	0.000000	-15.7693	fake	yes
D_0002685292	fake	0.000000	-16.0700	fake	yes
D_0002861671	fake	0.000000	-16.4016	fake	yes
D_0002527498	genuine	0.951742	-0.0495	genuine	yes
D_0002941744	genuine	0.996643	-0.0034	genuine	yes
D_0002180872	genuine	0.999459	-0.0005	genuine	yes
D_0002135260	genuine	0.999958	-0.0000	genuine	yes
D_0002398852	genuine	0.999984	-0.0000	genuine	yes
D_0002403724	fake	0.000000	-16.2999	fake	yes
D_0002665783	genuine	0.996879	-0.0031	genuine	yes
D_0002413909	genuine	0.829207	-0.1873	genuine	yes
D_0002818537	fake	0.000000	-16.7537	fake	yes
D_0002287531	fake	0.000000	-16.4984	fake	yes
D_0002833615	fake	0.000000	-16.2410	fake	yes
D_0002899093	fake	0.000000	-16.0219	fake	yes
D_0002809780	fake	0.000000	-16.1104	fake	yes
D_0002195047	genuine	0.000054	-9.8293	fake	NO
D_0002290156	genuine	0.467575	-0.7602	fake	NO
D_0002621116	fake	0.000000	-15.3053	fake	yes
D_0002688337	genuine	0.878159	-0.1299	genuine	yes
D_0002508598	fake	0.000001	-14.0174	fake	yes
D_0002251285	fake	0.000000	-17.0755	fake	yes
D_0002716687	genuine	0.113405	-2.1768	fake	NO
D_0002164891	fake	0.000000	-16.4052	fake	yes
D_0002569771	fake	0.000000	-16.0178	fake	yes
D_0002857240	genuine	0.992114	-0.0079	genuine	yes
D_0002883931	genuine	0.343997	-1.0671	fake	NO
D_0002868118	fake	0.000000	-16.7569	fake	yes
D_0002301664	genuine	0.999907	-0.0001	genuine	yes
D_0002379217	fake	0.000000	-15.9384	fake	yes
D_0002600704	fake	0.000000	-16.9031	fake	yes
D_0002007076	fake	0.000000	-16.4704	fake	yes
D_0002580838	fake	0.000000	-14.7221	fake	yes
D_0002629621	genuine	0.807119	-0.2143	genuine	yes
D_0002927779	genuine	0.999986	-0.0000	genuine	yes
D_0002448454	genuine	0.966181	-0.0344	genuine	yes
D_0002445094	genuine	0.999485	-0.0005	genuine	yes
D_0002128309	fake	0.000000	-15.5533	fake	yes
D_0002351182	genuine	0.998449	-0.0016	genuine	yes
D_0002662444	genuine	0.990952	-0.0091	genuine	yes
D_0002505742	fake	0.000000	-16.1752	fake	yes
D_0002249647	genuine	0.999608	-0.0004	genuine	yes
D_0002663032	genuine	0.995879	-0.0041	genuine	yes
D_0002316952	fake	0.000000	-17.7728	fake	yes
D_0002617525	genuine	0.999947	-0.0001	genuine	yes
D_0002461264	genuine	0.999990	-0.0000	genuine	yes
D_0002090068	genuine	0.193658	-1.6417	fake	NO
D_0002460781	genuine	0.985960	-0.0141	genuine	yes
D_0002243368	genuine	0.994604	-0.0054	genuine	yes
D_0002251600	fake	0.000000	-16.6360	fake	yes
D_0002216362	fake	0.000000	-15.4517	fake	yes
D_0002225350	genuine	0.747216	-0.2914	genuine	yes
D_0002575504	genuine	0.998900	-0.0011	genuine	yes
D_0002165311	fake	0.000092	-9.2889	fake	yes
D_0002829940	genuine	0.936994	-0.0651	genuine	yes
D_0002399587	fake	0.000000	-16.9125	fake	yes
D_0002405929	fake	0.000000	-16.3351	fake	yes
D_0002194732	genuine	0.989870	-0.0102	genuine	yes
D_0002553013	fake	0.000000	-15.4976	fake	yes
D_0002126167	genuine	0.999210	-0.0008	genuine	yes
D_0002496775	genuine	0.029332	-3.5291	fake	NO
D_0002717590	fake	0.000000	-16.6214	fake	yes
D_0002119468	genuine	0.996226	-0.0038	genuine	yes
D_0002143912	fake	0.000000	-15.9559	fake	yes
D_0002358994	fake	0.000000	-15.7415	fake	yes
D_0002016946	fake	0.000000	-17.3457	fake	yes
D_0002531677	fake	0.000000	-16.7506	fake	yes
D_0002122849	genuine	0.995017	-0.0050	genuine	yes
D_0002836219	genuine	0.999179	-0.0008	genuine	yes
D_0002043784	genuine	0.999901	-0.0001	genuine	yes
D_0002091853	fake	0.000000	-15.3006	fake	yes
D_0002194627	genuine	0.535900	-0.6238	genuine	yes
D_0002841805	fake	0.000000	-16.4235	fake	yes
D_0002173690	fake	0.000000	-16.6284	fake	yes
D_0002047585	genuine	0.881632	-0.1260	genuine	yes
D_0002165647	genuine	0.997271	-0.0027	genuine	yes
D_0002114785	genuine	0.999892	-0.0001	genuine	yes
D_0002189167	fake	0.000000	-16.1756	fake	yes
D_0002409961	fake	0.000000	-16.5499	fake	yes
D_0002688232	fake	0.000000	-16.5280	fake	yes
D_0002730715	genuine	0.999362	-0.0006	genuine	yes
D_0002668828	genuine	0.996909	-0.0031	genuine	yes
D_0002710492	genuine	0.999853	-0.0001	genuine	yes
D_0002283394	genuine	0.970062	-0.0304	genuine	yes
D_0002035237	fake	0.000000	-16.4801	fake	yes
D_0002867509	fake	0.000000	-16.5720	fake	yes
D_0002263759	genuine	0.971460	-0.0290	genuine	yes
D_0002073436	fake	0.000000	-16.7552	fake	yes
D_0002286355	genuine	0.000647	-7.3429	fake	NO
D_0002320942	genuine	0.997864	-0.0021	genuine	yes
D_0002050525	fake	0.000000	-14.8655	fake	yes
D_0002896972	genuine	0.982108	-0.0181	genuine	yes
D_0002448790	genuine	0.999315	-0.0007	genuine	yes
D_0002887333	genuine	0.133184	-2.0160	fake	NO
D_0002639533	genuine	0.999983	-0.0000	genuine	yes
D_0002739199	genuine	0.999169	-0.0008	genuine	yes
D_0002616097	fake	0.000000	-16.3427	fake	yes
D_0002860579	fake	0.000000	-16.4607	fake	yes
D_0002234506	fake	0.000000	-17.0593	fake	yes
D_0002537599	genuine	0.999994	-0.0000	genuine	yes
D_0002759233	genuine	0.988519	-0.0115	genuine	yes
D_0002647681	genuine	0.999941	-0.0001	genuine	yes
D_0002320018	fake	0.000000	-15.5790	fake	yes
D_0002817067	genuine	0.999835	-0.0002	genuine	yes
D_0002704276	genuine	0.975506	-0.0248	genuine	yes
D_0002552614	genuine	0.999979	-0.0000	genuine	yes
D_0002632792	fake	0.000000	-16.9210	fake	yes
D_0002321509	genuine	0.999997	-0.0000	genuine	yes
D_0002628949	fake	0.000000	-15.5372	fake	yes
D_0002498287	fake	0.000000	-15.3894	fake	yes
D_0002093743	fake	0.000000	-16.8787	fake	yes
D_0002913688	fake	0.000000	-16.5439	fake	yes
D_0002346184	fake	0.000000	-16.5156	fake	yes
D_0002337007	genuine	0.997331	-0.0027	genuine	yes
D_0002700790	fake	0.000000	-16.1494	fake	yes
D_0002484322	fake	0.000000	-17.1999	fake	yes
D_0002614354	fake	0.000000	-16.8810	fake	yes
D_0002887165	fake	0.000000	-16.9323	fake	yes
D_0002227828	genuine	0.997830	-0.0022	genuine	yes
D_0002250739	genuine	0.031967	-3.4430	fake	NO
D_0002894452	fake	0.000000	-15.5436	fake	yes
D_0002392489	genuine	0.962391	-0.0383	genuine	yes
D_0002390410	genuine	0.000269	-8.2220	fake	NO
D_0002416660	fake	0.000000	-16.6134	fake	yes
D_0002496040	genuine	0.965700	-0.0349	genuine	yes
D_0002824585	fake	0.000000	-15.9063	fake	yes
D_0002805517	fake	0.000000	-15.2842	fake	yes
D_0002468467	genuine	0.996466	-0.0035	genuine	yes
D_0002223502	genuine	0.985375	-0.0147	genuine	yes
D_0002132677	genuine	0.999176	-0.0008	genuine	yes
D_0002653477	genuine	0.985120	-0.0150	genuine	yes
D_0002445115	genuine	0.998689	-0.0013	genuine	yes
D_0002562022	fake	0.000002	-13.2144	fake	yes
D_0002312185	genuine	0.999038	-0.0010	genuine	yes
D_0002354941	genuine	0.999950	-0.0000	genuine	yes
D_0002494045	fake	0.000002	-13.0772	fake	yes
D_0002641801	fake	0.000000	-17.2911	fake	yes
D_0002507590	genuine	0.416342	-0.8762	fake	NO
D_0002131711	genuine	0.003674	-5.6064	fake	NO
D_0002922382	fake	0.000000	-16.6312	fake	yes
D_0002178961	fake	0.000002	-13.3986	fake	yes
D_0002088430	genuine	0.999867	-0.0001	genuine	yes
D_0002771224	fake	0.000000	-16.8202	fake	yes
D_0002835127	genuine	0.999226	-0.0008	genuine	yes
D_0002670529	fake	0.000000	-15.8540	fake	yes
D_0002615215	genuine	0.999890	-0.0001	genuine	yes
D_0002682856	genuine	0.000119	-9.0372	fake	NO
D_0002022280	genuine	0.073285	-2.6134	fake	NO
D_0002561875	fake	0.000000	-17.2184	fake	yes
D_0002049538	genuine	0.511365	-0.6707	genuine	yes
D_0002448496	fake	0.000000	-15.5693	fake	yes
D_0002745478	fake	0.000000	-16.0989	fake	yes
D_0002174425	genuine	0.993993	-0.0060	genuine	yes
D_0002165122	genuine	0.980310	-0.0199	genuine	yes
D_0002268484	genuine	0.963110	-0.0376	genuine	yes
D_0002006845	genuine	0.997808	-0.0022	genuine	yes
D_0002753920	genuine	0.833742	-0.1818	genuine	yes
D_0002634304	fake	0.000000	-16.4003	fake	yes
D_0002564857	genuine	0.983873	-0.0163	genuine	yes
D_0002064532	genuine	0.936679	-0.0654	genuine	yes
D_0002348074	fake	0.000000	-16.5883	fake	yes
D_0002365336	genuine	0.009989	-4.6063	fake	NO
D_0002436925	fake	0.000000	-15.0704	fake	yes
D_0002028349	fake	0.000000	-17.3505	fake	yes
D_0002262247	fake	0.000000	-16.5022	fake	yes
D_0002295217	genuine	0.846236	-0.1670	genuine	yes
D_0002875237	genuine	0.017970	-4.0191	fake	NO
D_0002689513	fake	0.000000	-16.7288	fake	yes
D_0002593837	genuine	0.018407	-3.9950	fake	NO
D_0002712865	fake	0.000000	-16.4252	fake	yes
D_0002566621	genuine	0.999985	-0.0000	genuine	yes
D_0002612422	genuine	0.921505	-0.0817	genuine	yes
D_0002703499	genuine	0.823606	-0.1941	genuine	yes
D_0002468362	genuine	0.996381	-0.0036	genuine	yes
D_0002828575	fake	0.000000	-16.4200	fake	yes
D_0002942080	genuine	0.999976	-0.0000	genuine	yes
D_0002620822	fake	0.000001	-14.1176	fake	yes
D_0002448160	genuine	0.999856	-0.0001	genuine	yes
D_0002859277	fake	0.000000	-16.2806	fake	yes
D_0002252398	fake	0.000000	-15.6120	fake	yes
D_0002519791	fake	0.000000	-16.3637	fake	yes
D_0002664775	fake	0.000000	-16.9592	fake	yes
D_0002234086	genuine	0.916928	-0.0867	genuine	yes
D_0002033851	fake	0.000000	-16.6674	fake	yes
D_0002688736	fake	0.000007	-11.8459	fake	yes
D_0002212456	fake	0.000000	-17.0738	fake	yes
D_0002214304	genuine	0.995804	-0.0042	genuine	yes
D_0002099875	genuine	0.992771	-0.0073	genuine	yes
D_0002811313	genuine	0.402998	-0.9088	fake	NO
D_0002871835	fake	0.000000	-16.4793	fake	yes
D_0002336482	fake	0.000000	-17.4716	fake	yes
D_0002054410	genuine	0.999991	-0.0000	genuine	yes
D_0002841721	genuine	0.956378	-0.0446	genuine	yes
D_0002524180	fake	0.000000	-16.4641	fake	yes
D_0002036686	fake	0.000004	-12.3404	fake	yes
D_0002841280	fake	0.000000	-17.2275	fake	yes
D_0002538838	genuine	0.999995	-0.0000	genuine	yes
D_0002117326	genuine	0.999529	-0.0005	genuine	yes
D_0002140573	fake	0.000000	-14.7068	fake	yes
D_0002430877	fake	0.000000	-16.5298	fake	yes
D_0002001826	fake	0.000000	-16.6055	fake	yes
D_0002200192	fake	0.000000	-15.0569	fake	yes
D_0002255758	fake	0.000000	-16.6912	fake	yes
D_0002175685	genuine	0.998803	-0.0012	genuine	yes
D_0002132509	fake	0.000000	-17.5580	fake	yes
D_0002896300	fake	0.000000	-16.0440	fake	yes
D_0002147230	genuine	0.999371	-0.0006	genuine	yes
D_0002675191	fake	0.000000	-17.0900	fake	yes
D_0002873788	genuine	0.999911	-0.0001	genuine	yes
D_0001997164	fake	0.000000	-16.1595	fake	yes
D_0002618785	fake	0.000000	-16.9971	fake	yes
D_0002598415	genuine	0.999989	-0.0000	genuine	yes
D_0002623867	fake	0.000000	-15.5730	fake	yes
D_0002723008	genuine	0.704902	-0.3497	genuine	yes
D_0002174194	fake	0.000000	-16.0371	fake	yes
D_0002652868	genuine	0.832713	-0.1831	genuine	yes
D_0001996177	fake	0.000000	-17.2746	fake	yes
D_0002329090	genuine	0.993868	-0.0062	genuine	yes
D_0002207689	genuine	0.000001	-13.5983	fake	NO
D_0002933827	genuine	0.995781	-0.0042	genuine	yes
D_0002133790	fake	0.000000	-16.3261	fake	yes
D_0002279740	genuine	0.806788	-0.2147	genuine	yes
D_0002419768	genuine	0.994586	-0.0054	genuine	yes
D_0002917678	fake	0.000000	-15.3127	fake	yes
D_0002464666	genuine	0.999780	-0.0002	genuine	yes
D_0002878702	genuine	0.948969	-0.0524	genuine	yes
D_0002300635	genuine	0.959985	-0.0408	genuine	yes
D_0002513218	genuine	0.995533	-0.0045	genuine	yes
D_0002861230	genuine	0.982754	-0.0174	genuine	yes
D_0002908732	genuine	0.986358	-0.0137	genuine	yes
D_0002170603	genuine	0.997708	-0.0023	genuine	yes
D_0002371720	fake	0.000000	-17.1358	fake	yes
D_0002760871	genuine	0.999219	-0.0008	genuine	yes
D_0002211259	fake	0.000000	-16.3106	fake	yes
D_0002241667	fake	0.000001	-14.5060	fake	yes
D_0002060374	fake	0.000000	-16.4723	fake	yes
D_0002921227	fake	0.000002	-13.0349	fake	yes
D_0002831977	fake	0.000000	-17.3344	fake	yes
D_0002932924	genuine	0.874904	-0.1336	genuine	yes
D_0002458723	genuine	0.999868	-0.0001	genuine	yes
D_0002791111	genuine	0.362735	-1.0141	fake	NO
D_0002536864	fake	0.000000	-17.5143	fake	yes
D_0002904574	genuine	0.999921	-0.0001	genuine	yes
D_0002035111	fake	0.000000	-16.5786	fake	yes
D_0002107918	fake	0.000000	-17.0919	fake	yes
D_0002108086	fake	0.000000	-16.8733	fake	yes
D_0002591170	fake	0.000000	-17.2990	fake	yes
D_0002844829	genuine	0.997726	-0.0023	genuine	yes
D_0002334172	genuine	0.994854	-0.0052	genuine	yes
D_0002297464	fake	0.000001	-13.6858	fake	yes
D_0002567167	genuine	0.995521	-0.0045	genuine	yes
D_0002905540	fake	0.000000	-15.6367	fake	yes
D_0002473759	genuine	0.998656	-0.0013	genuine	yes
D_0002494906	fake	0.000000	-16.1579	fake	yes
D_0002375605	fake	0.000000	-17.3753	fake	yes
D_0002411389	fake	0.000000	-15.8461	fake	yes
D_0002570674	fake	0.000000	-16.8198	fake	yes
D_0002570611	fake	0.000001	-14.4810	fake	yes
D_0002508199	fake	0.000000	-16.7037	fake	yes
D_0002290681	fake	0.000000	-15.5501	fake	yes
D_0002634934	genuine	0.995011	-0.0050	genuine	yes
D_0002595895	fake	0.000000	-17.3471	fake	yes
D_0002093617	genuine	0.193041	-1.6449	fake	NO
D_0002683045	genuine	0.000407	-7.8078	fake	NO
D_0002629096	genuine	0.021165	-3.8554	fake	NO
D_0002698039	fake	0.000000	-16.7497	fake	yes
D_0002693629	fake	0.000093	-9.2802	fake	yes
D_0002317561	genuine	0.223805	-1.4970	fake	NO
D_0002302777	fake	0.000000	-15.6966	fake	yes
D_0002081290	fake	0.000000	-16.7913	fake	yes
D_0002288581	fake	0.000000	-16.3177	fake	yes
D_0002442595	fake	0.000001	-13.5649	fake	yes
D_0002015077	fake	0.000000	-17.3371	fake	yes
D_0002684410	fake	0.000000	-17.2763	fake	yes
D_0002274763	genuine	0.999854	-0.0001	genuine	yes
D_0002594005	genuine	0.025876	-3.6545	fake	NO
D_0002926372	fake	0.000000	-16.8875	fake	yes
D_0002869378	fake	0.000000	-16.6587	fake	yes
D_0002798503	genuine	0.087378	-2.4375	fake	NO
D_0002687770	fake	0.000001	-14.3385	fake	yes
D_0002865367	fake	0.000000	-15.9303	fake	yes
D_0002689576	genuine	0.999607	-0.0004	genuine	yes
D_0002901277	genuine	0.714177	-0.3366	genuine	yes
D_0002635816	genuine	0.120743	-2.1141	fake	NO
D_0002278249	fake	0.000001	-14.3731	fake	yes
D_0002801212	fake	0.000000	-17.3253	fake	yes
D_0002049601	fake	0.000000	-17.3386	fake	yes
D_0002003191	fake	0.000000	-17.2751	fake	yes
D_0002198428	genuine	0.265687	-1.3254	fake	NO
D_0002678677	fake	0.000001	-14.0861	fake	yes
D_0002492764	fake	0.000000	-15.5302	fake	yes
D_0002083285	fake	0.000001	-14.3138	fake	yes
D_0002055901	fake	0.000000	-14.9316	fake	yes
D_0002130430	genuine	0.973616	-0.0267	genuine	yes
D_0002601943	genuine	0.997140	-0.0029	genuine	yes
D_0002455552	genuine	0.595985	-0.5175	genuine	yes
D_0002456896	genuine	0.989886	-0.0102	genuine	yes
D_0002019445	genuine	0.119905	-2.1211	fake	NO
D_0002927464	genuine	0.929819	-0.0728	genuine	yes
D_0002103340	fake	0.000000	-15.3346	fake	yes
D_0002223796	fake	0.000000	-17.0898	fake	yes
D_0002133349	fake	0.000000	-14.9655	fake	yes
D_0002704213	fake	0.000000	-16.4288	fake	yes
D_0002163421	genuine	0.997574	-0.0024	genuine	yes
D_0002256808	genuine	0.804100	-0.2180	genuine	yes
D_0002513932	genuine	0.253777	-1.3713	fake	NO
D_0002346205	fake	0.000000	-15.1602	fake	yes
D_0002454082	fake	0.000000	-15.9839	fake	yes
D_0002832859	genuine	0.999816	-0.0002	genuine	yes
D_0002808142	genuine	0.686347	-0.3764	genuine	yes
D_0002087527	genuine	0.999884	-0.0001	genuine	yes
D_0002252062	fake	0.000000	-17.2686	fake	yes
D_0002826538	fake	0.000000	-14.7486	fake	yes
D_0002670571	fake	0.000000	-16.1143	fake	yes
D_0002749111	genuine	0.816633	-0.2026	genuine	yes
D_0002546524	genuine	0.999966	-0.0000	genuine	yes
D_0002861944	fake	0.000000	-17.0532	fake	yes
D_0002055964	genuine	0.999833	-0.0002	genuine	yes
D_0002563408	genuine	0.002297	-6.0762	fake	NO
D_0002816269	genuine	0.993131	-0.0069	genuine	yes
D_0002863561	fake	0.000000	-16.8247	fake	yes
D_0002312521	genuine	0.978351	-0.0219	genuine	yes
D_0002317876	genuine	0.000002	-13.2415	fake	NO
D_0002509585	genuine	0.999998	-0.0000	genuine	yes
D_0002096116	genuine	0.816842	-0.2023	genuine	yes
D_0002135743	genuine	0.998173	-0.0018	genuine	yes
D_0002614711	genuine	0.938524	-0.0634	genuine	yes
D_0002311597	genuine	0.999977	-0.0000	genuine	yes
D_0002331400	fake	0.000000	-15.6813	fake	yes
D_0002488900	fake	0.000000	-15.7529	fake	yes
D_0002142211	fake	0.000000	-17.2457	fake	yes
D_0002243053	fake	0.000001	-13.7573	fake	yes
D_0002143030	genuine	0.999595	-0.0004	genuine	yes
D_0002811628	genuine	0.991185	-0.0089	genuine	yes
D_0002080786	genuine	0.653034	-0.4261	genuine	yes
D_0002180620	genuine	0.999992	-0.0000	genuine	yes
D_0002202544	fake	0.000000	-17.4363	fake	yes
D_0002433061	genuine	0.997418	-0.0026	genuine	yes
D_0002587054	genuine	0.000015	-11.1132	fake	NO
D_0002847748	genuine	0.928724	-0.0739	genuine	yes
D_0002101156	genuine	0.957057	-0.0439	genuine	yes
D_0002234107	fake	0.000000	-16.8668	fake	yes
D_0002232049	genuine	0.998569	-0.0014	genuine	yes
D_0002841616	genuine	0.977151	-0.0231	genuine	yes
D_0002419222	fake	0.000000	-17.1117	fake	yes
D_0002951971	genuine	0.999598	-0.0004	genuine	yes
D_0002769523	genuine	0.994671	-0.0053	genuine	yes
D_0002918098	genuine	0.886408	-0.1206	genuine	yes
D_0002679580	genuine	0.989826	-0.0102	genuine	yes
D_0002624392	fake	0.000000	-16.3179	fake	yes
D_0002764105	fake	0.000000	-17.7089	fake	yes
D_0002639722	genuine	0.997859	-0.0021	genuine	yes
D_0002715406	genuine	0.999956	-0.0000	genuine	yes
D_0002014741	fake	0.000000	-16.1936	fake	yes
D_0002498686	fake	0.000000	-16.2429	fake	yes
D_0002599276	fake	0.000000	-16.5787	fake	yes
D_0002798881	genuine	0.999970	-0.0000	genuine	yes
D_0002330245	genuine	0.992975	-0.0070	genuine	yes
D_0002032696	fake	0.000000	-16.5829	fake	yes
D_0002414623	fake	0.000000	-15.3766	fake	yes
D_0002862763	genuine	0.729410	-0.3155	genuine	yes
D_0002734705	fake	0.000000	-15.8232	fake	yes
D_0002922025	genuine	0.999046	-0.0010	genuine	yes
D_0002608411	genuine	0.001822	-6.3077	fake	NO
D_0002544487	genuine	0.987725	-0.0124	genuine	yes
D_0002066947	fake	0.000000	-16.5801	fake	yes
D_0002690248	genuine	0.050471	-2.9864	fake	NO
D_0002926645	genuine	0.999943	-0.0001	genuine	yes
D_0002925973	fake	0.000000	-16.4746	fake	yes
D_0002289169	genuine	0.059562	-2.8207	fake	NO
D_0002523529	genuine	0.931749	-0.0707	genuine	yes
D_0002460823	genuine	0.128455	-2.0522	fake	NO
D_0002661835	fake	0.000000	-14.7008	fake	yes
D_0002704990	fake	0.000009	-11.5952	fake	yes
D_0002122975	genuine	0.890977	-0.1154	genuine	yes
D_0002615572	fake	0.000000	-15.1314	fake	yes
D_0002041810	genuine	0.997896	-0.0021	genuine	yes
D_0002541736	fake	0.000000	-15.7799	fake	yes
D_0002025136	fake	0.000000	-14.9330	fake	yes
D_0001992502	genuine	0.964927	-0.0357	genuine	yes
D_0002038849	genuine	0.998972	-0.0010	genuine	yes
D_0002287741	fake	0.000000	-16.0753	fake	yes
D_0002280706	genuine	0.025666	-3.6626	fake	NO
D_0002716624	genuine	0.999990	-0.0000	genuine	yes
D_0002246581	genuine	0.545354	-0.6063	genuine	yes
D_0002892037	fake	0.000001	-14.1975	fake	yes
D_0002431717	fake	0.000000	-16.3949	fake	yes
D_0002307166	genuine	0.000400	-7.8246	fake	NO
D_0002900227	genuine	0.023180	-3.7645	fake	NO
D_0002941387	fake	0.000000	-16.7578	fake	yes
D_0002957830	fake	0.000000	-16.4909	fake	yes
D_0002483776	fake	0.000000	-16.1048	fake	yes
D_0002541400	genuine	0.997050	-0.0030	genuine	yes
D_0002132047	genuine	0.834678	-0.1807	genuine	yes
D_0002454922	genuine	0.985406	-0.0147	genuine	yes
D_0002543164	genuine	0.999010	-0.0010	genuine	yes
D_0002929795	genuine	0.006321	-5.0639	fake	NO
D_0002306683	genuine	0.993752	-0.0063	genuine	yes
D_0002777986	genuine	0.999219	-0.0008	genuine	yes
D_0002588293	fake	0.000000	-16.3925	fake	yes
D_0002489971	fake	0.000000	-16.8754	fake	yes
D_0002746024	genuine	0.998781	-0.0012	genuine	yes
D_0002912533	fake	0.000001	-14.2542	fake	yes
D_0002330560	fake	0.000000	-15.7640	fake	yes
D_0002316700	genuine	0.999954	-0.0000	genuine	yes
D_0002761270	genuine	0.042250	-3.1642	fake	NO
D_0002600074	fake	0.000000	-16.3524	fake	yes
D_0002723869	genuine	0.999591	-0.0004	genuine	yes
D_0002104999	genuine	0.831066	-0.1850	genuine	yes
D_0002082214	fake	0.000000	-16.3229	fake	yes
D_0002183833	genuine	0.999994	-0.0000	genuine	yes
D_0002783992	genuine	0.999997	-0.0000	genuine	yes
D_0002719480	fake	0.000000	-16.7912	fake	yes
D_0002685313	genuine	0.999539	-0.0005	genuine	yes
D_0002692558	genuine	0.751394	-0.2858	genuine	yes
D_0002746276	genuine	0.965491	-0.0351	genuine	yes
D_0001997542	fake	0.000000	-14.8423	fake	yes
D_0002932861	genuine	0.968082	-0.0324	genuine	yes
D_0002642872	genuine	0.647792	-0.4342	genuine	yes
D_0002397424	genuine	0.999942	-0.0001	genuine	yes
D_0002820196	fake	0.000001	-14.0975	fake	yes
D_0002484217	genuine	0.000185	-8.5939	fake	NO
D_0002371069	fake	0.000000	-16.0484	fake	yes
D_0002762509	fake	0.000000	-16.2797	fake	yes
D_0002540581	fake	0.000000	-14.6011	fake	yes
D_0002603392	genuine	0.999572	-0.0004	genuine	yes
D_0002845522	genuine	0.952530	-0.0486	genuine	yes
D_0002518132	genuine	0.185839	-1.6829	fake	NO
D_0002114617	fake	0.000000	-16.9005	fake	yes
D_0002390683	fake	0.000000	-16.0041	fake	yes
D_0002905330	genuine	0.006233	-5.0779	fake	NO
D_0002428714	fake	0.000000	-17.2201	fake	yes
D_0002041495	fake	0.000000	-16.0112	fake	yes
D_0002440327	fake	0.000000	-15.2854	fake	yes
D_0002239168	fake	0.000000	-17.3278	fake	yes
D_0002332198	genuine	0.980049	-0.0202	genuine	yes
D_0002796655	fake	0.000000	-16.6784	fake	yes
D_0002100232	genuine	0.997150	-0.0029	genuine	yes
D_0002623111	fake	0.000000	-16.6103	fake	yes
D_0002508577	genuine	0.986787	-0.0133	genuine	yes
D_0002018248	fake	0.000000	-16.0224	fake	yes
D_0002718493	fake	0.000000	-16.8491	fake	yes
D_0002227009	fake	0.000000	-16.2853	fake	yes
D_0002735041	genuine	0.949574	-0.0517	genuine	yes
D_0002509606	genuine	0.000468	-7.6662	fake	NO
D_0002854867	genuine	0.000033	-10.3294	fake	NO
D_0002798125	genuine	0.999722	-0.0003	genuine	yes
D_0002234821	fake	0.000001	-14.3615	fake	yes
D_0002677480	genuine	0.999066	-0.0009	genuine	yes
D_0002289904	fake	0.000000	-16.9116	fake	yes
D_0002916880	genuine	0.978384	-0.0219	genuine	yes
D_0002199331	fake	0.000000	-16.4551	fake	yes
D_0002216383	genuine	0.026130	-3.6447	fake	NO
D_0002821141	genuine	0.999379	-0.0006	genuine	yes
D_0002272180	fake	0.000001	-14.2896	fake	yes
D_0002043826	fake	0.000000	-15.5229	fake	yes
D_0002745877	fake	0.000000	-17.4849	fake	yes
D_0002623636	fake	0.000000	-15.4414	fake	yes
D_0002760682	fake	0.000000	-16.1360	fake	yes
D_0002468950	fake	0.000001	-14.2403	fake	yes
D_0002153530	genuine	0.999926	-0.0001	genuine	yes
D_0002686447	genuine	0.993832	-0.0062	genuine	yes
D_0002772148	fake	0.000000	-15.1424	fake	yes
D_0002186269	fake	0.000000	-17.3906	fake	yes
D_0002570989	fake	0.000000	-16.6057	fake	yes
D_0002219848	genuine	0.926468	-0.0764	genuine	yes
D_0002277745	fake	0.000000	-15.6609	fake	yes
D_0002382598	fake	0.000001	-13.8090	fake	yes
D_0002951257	fake	0.000001	-13.8913	fake	yes
D_0002122072	genuine	0.730893	-0.3135	genuine	yes
D_0002855056	fake	0.000000	-16.6480	fake	yes
D_0002012389	genuine	0.999342	-0.0007	genuine	yes
D_0002608432	fake	0.000000	-16.9040	fake	yes
D_0002866438	fake	0.000000	-15.8643	fake	yes
D_0002327452	fake	0.000000	-16.9684	fake	yes
D_0002126755	genuine	0.023319	-3.7585	fake	NO
D_0002171170	genuine	0.999571	-0.0004	genuine	yes
D_0002195362	fake	0.000000	-16.3232	fake	yes
D_0002142652	genuine	0.851433	-0.1608	genuine	yes
D_0002449693	genuine	0.376193	-0.9777	fake	NO
D_0002358973	genuine	0.999426	-0.0006	genuine	yes
D_0002757763	genuine	0.002865	-5.8551	fake	NO
D_0002611309	fake	0.000000	-16.7420	fake	yes
D_0002884183	genuine	0.999753	-0.0002	genuine	yes
D_0002746486	genuine	0.999829	-0.0002	genuine	yes
D_0002904385	genuine	0.989325	-0.0107	genuine	yes
D_0002618743	genuine	0.157118	-1.8508	fake	NO
D_0002378965	fake	0.000000	-16.7542	fake	yes
D_0002337406	genuine	0.999703	-0.0003	genuine	yes
D_0002020936	fake	0.000000	-16.6787	fake	yes
D_0002456749	fake	0.000000	-16.2513	fake	yes
D_0002647849	genuine	0.998434	-0.0016	genuine	yes
D_0002280811	genuine	0.996407	-0.0036	genuine	yes
D_0002280979	fake	0.000000	-16.2339	fake	yes
D_0002592871	fake	0.000000	-16.8619	fake	yes
D_0002102605	genuine	0.999741	-0.0003	genuine	yes
D_0002913457	genuine	0.942972	-0.0587	genuine	yes
D_0002587936	genuine	0.026898	-3.6157	fake	NO
D_0002146390	genuine	0.997093	-0.0029	genuine	yes
D_0002270626	genuine	0.972527	-0.0279	genuine	yes
D_0002738506	genuine	0.998319	-0.0017	genuine	yes
D_0002301727	fake	0.000000	-17.5603	fake	yes
D_0002896027	fake	0.000000	-16.3067	fake	yes
D_0002839999	fake	0.000000	-16.2257	fake	yes
D_0002178079	genuine	0.713517	-0.3375	genuine	yes
D_0002004430	genuine	0.895493	-0.1104	genuine	yes
D_0002749993	genuine	0.999843	-0.0002	genuine	yes
D_0002769943	fake	0.000000	-14.9600	fake	yes
D_0002379007	genuine	0.006540	-5.0298	fake	NO
D_0002451730	fake	0.000000	-15.5569	fake	yes
D_0002550493	fake	0.000000	-16.4314	fake	yes
D_0002042482	genuine	0.999927	-0.0001	genuine	yes
D_0002616202	fake	0.000000	-16.8840	fake	yes
D_0002285347	genuine	0.999896	-0.0001	genuine	yes
D_0002414770	fake	0.000000	-17.2558	fake	yes
D_0002241688	genuine	0.145149	-1.9300	fake	NO
D_0002214451	genuine	0.287507	-1.2465	fake	NO
D_0002053360	genuine	0.040452	-3.2076	fake	NO
D_0002260945	fake	0.000000	-17.1042	fake	yes
D_0002490664	genuine	0.999375	-0.0006	genuine	yes
D_0002805874	genuine	0.999941	-0.0001	genuine	yes
D_0002833930	genuine	0.999662	-0.0003	genuine	yes
D_0002051302	fake	0.000000	-15.4021	fake	yes
D_0002520694	genuine	0.956933	-0.0440	genuine	yes
D_0002594320	fake	0.000000	-16.8914	fake	yes
D_0002584576	fake	0.000000	-15.1356	fake	yes
D_0002009911	genuine	0.000042	-10.0704	fake	NO
D_0002472814	fake	0.000000	-16.5487	fake	yes
D_0002440243	genuine	0.920600	-0.0827	genuine	yes
D_0002233834	genuine	0.002825	-5.8694	fake	NO
D_0002562547	fake	0.000000	-16.6977	fake	yes
D_0002279572	fake	0.000000	-16.9793	fake	yes
D_0002440558	fake	0.000000	-15.7674	fake	yes
D_0002721307	genuine	0.993923	-0.0061	genuine	yes
D_0002503474	genuine	0.000003	-12.6974	fake	NO
D_0002451814	fake	0.000000	-17.3802	fake	yes
D_0002457988	genuine	0.999018	-0.0010	genuine	yes
D_0002129296	fake	0.000000	-16.9189	fake	yes
D_0002868055	genuine	0.999963	-0.0000	genuine	yes
D_0002003758	genuine	0.999888	-0.0001	genuine	yes
D_0002237194	fake	0.000000	-15.3838	fake	yes
D_0002680315	fake	0.000000	-16.7559	fake	yes
D_0002236732	genuine	0.992200	-0.0078	genuine	yes
D_0002257081	fake	0.000000	-14.5684	fake	yes
D_0002450218	fake	0.000000	-16.9742	fake	yes
D_0002297758	genuine	0.999944	-0.0001	genuine	yes
D_0002175727	fake	0.000000	-16.5626	fake	yes
D_0002000986	fake	0.000000	-16.7960	fake	yes
D_0002159998	fake	0.000000	-15.8660	fake	yes
D_0002085994	genuine	0.001226	-6.7043	fake	NO
D_0002770342	fake	0.000000	-17.0778	fake	yes
D_0002263864	genuine	0.597625	-0.5148	genuine	yes
D_0002113357	genuine	0.999935	-0.0001	genuine	yes
D_0002713390	fake	0.000000	-17.1011	fake	yes
D_0001996450	genuine	0.837097	-0.1778	genuine	yes
D_0002427223	genuine	0.999960	-0.0000	genuine	yes
D_0002277871	genuine	0.999998	-0.0000	genuine	yes
D_0002609776	fake	0.000000	-17.0556	fake	yes
D_0002841154	fake	0.000000	-17.3573	fake	yes
D_0002829289	genuine	0.860627	-0.1501	genuine	yes
D_0002356243	genuine	0.405068	-0.9037	fake	NO
D_0002359708	fake	0.000000	-17.0757	fake	yes
D_0002383627	genuine	0.939095	-0.0628	genuine	yes
D_0002338309	genuine	0.020963	-3.8650	fake	NO
D_0002617357	fake	0.000000	-16.7713	fake	yes
D_0002927863	fake	0.000000	-17.5155	fake	yes
D_0002776159	fake	0.000000	-15.5676	fake	yes
D_0002013859	genuine	0.999654	-0.0003	genuine	yes
D_0002570401	fake	0.002013	-6.2079	fake	yes
D_0002738338	genuine	0.436833	-0.8282	fake	NO
D_0002363572	genuine	0.102293	-2.2799	fake	NO
D_0002920933	fake	0.000000	-15.9901	fake	yes
D_0002296624	fake	0.000000	-17.2326	fake	yes
D_0002574601	fake	0.000000	-17.3819	fake	yes
D_0002309203	fake	0.000000	-15.1751	fake	yes
D_0002806168	fake	0.000000	-17.3745	fake	yes
D_0002645161	genuine	0.999334	-0.0007	genuine	yes
D_0002745184	fake	0.000000	-15.5388	fake	yes
D_0002452318	genuine	0.996650	-0.0034	genuine	yes
D_0002936578	genuine	0.999999	-0.0000	genuine	yes
D_0002171338	fake	0.000000	-16.6450	fake	yes
D_0002083012	fake	0.000001	-14.4227	fake	yes
D_0002876518	genuine	0.004791	-5.3409	fake	NO
D_0002396815	genuine	0.999984	-0.0000	genuine	yes
D_0002037925	genuine	0.963089	-0.0376	genuine	yes
D_0002825971	genuine	0.000593	-7.4300	fake	NO
D_0002756461	fake	0.000000	-16.0162	fake	yes
D_0002712130	fake	0.000000	-17.4052	fake	yes
D_0002002897	genuine	0.000340	-7.9856	fake	NO
D_0002003674	genuine	0.968328	-0.0322	genuine	yes
D_0002291710	genuine	0.999997	-0.0000	genuine	yes
D_0002150086	genuine	0.026181	-3.6427	fake	NO
D_0002654338	genuine	0.984302	-0.0158	genuine	yes
D_0002367604	fake	0.000000	-16.0348	fake	yes
D_0002052604	fake	0.000000	-16.9263	fake	yes
D_0002190343	genuine	0.996099	-0.0039	genuine	yes
D_0002598310	genuine	0.027862	-3.5805	fake	NO
D_0002568742	fake	0.000000	-17.1919	fake	yes
D_0002049244	fake	0.000000	-17.0041	fake	yes
D_0002586424	genuine	0.387588	-0.9478	fake	NO
D_0002086204	fake	0.000000	-15.8443	fake	yes
D_0002260546	fake	0.000000	-16.4187	fake	yes
D_0002325814	fake	0.000000	-15.4034	fake	yes
D_0002473717	fake	0.000000	-16.4124	fake	yes
D_0002414875	fake	0.000000	-16.4803	fake	yes
D_0002677921	fake	0.000000	-14.7874	fake	yes
D_0002748040	fake	0.000000	-15.1756	fake	yes
D_0002354962	fake	0.000000	-16.3162	fake	yes
D_0002487871	genuine	0.000007	-11.9331	fake	NO
D_0002492449	genuine	0.113352	-2.1773	fake	NO
D_0002467942	fake	0.000000	-16.6532	fake	yes
D_0002426593	fake	0.000000	-17.2709	fake	yes
D_0002122996	genuine	0.999734	-0.0003	genuine	yes
D_0002460088	genuine	0.998656	-0.0013	genuine	yes
D_0002184736	genuine	0.797591	-0.2262	genuine	yes
D_0002848546	genuine	0.013910	-4.2751	fake	NO
D_0002209054	genuine	0.999662	-0.0003	genuine	yes
D_0002294020	fake	0.000000	-17.6232	fake	yes
D_0002673007	fake	0.000000	-16.0356	fake	yes
D_0002650684	fake	0.000000	-16.2302	fake	yes
D_0002620255	fake	0.000000	-16.5849	fake	yes
D_0002101051	fake	0.000000	-15.0702	fake	yes
D_0002611666	fake	0.000000	-16.8097	fake	yes
D_0002390221	fake	0.000000	-15.7343	fake	yes
D_0002759506	fake	0.000000	-15.7282	fake	yes
D_0002794471	genuine	0.999911	-0.0001	genuine	yes
D_0002840482	genuine	0.011765	-4.4427	fake	NO
D_0002945482	genuine	0.496614	-0.6999	fake	NO
D_0002362732	genuine	0.999248	-0.0008	genuine	yes
D_0002756692	genuine	0.883074	-0.1243	genuine	yes
D_0002548078	genuine	1.000000	-0.0000	genuine	yes
D_0002649319	genuine	0.960074	-0.0407	genuine	yes
D_0002230705	fake	0.000000	-15.3408	fake	yes
D_0002565991	fake	0.000000	-17.0556	fake	yes
D_0002359498	fake	0.000001	-14.2544	fake	yes
D_0002000566	fake	0.000000	-16.2924	fake	yes
D_0002731156	fake	0.000000	-15.9787	fake	yes
D_0002829604	fake	0.000002	-12.9977	fake	yes
D_0002185534	genuine	0.000203	-8.5043	fake	NO
D_0002938615	genuine	0.983272	-0.0169	genuine	yes
D_0002696695	genuine	0.001268	-6.6701	fake	NO
D_0002321530	fake	0.000000	-16.4708	fake	yes
D_0002442364	genuine	1.000000	-0.0000	genuine	yes
D_0002551501	genuine	0.818226	-0.2006	genuine	yes
D_0002051596	genuine	0.999718	-0.0003	genuine	yes
D_0002880403	fake	0.000000	-17.2442	fake	yes
D_0002095591	fake	0.000000	-16.7082	fake	yes
D_0002333689	genuine	0.046130	-3.0763	fake	NO
D_0002151010	fake	0.000000	-15.9782	fake	yes
D_0002942794	genuine	0.995954	-0.0041	genuine	yes
D_0002220646	genuine	0.999078	-0.0009	genuine	yes
D_0002642116	genuine	0.613917	-0.4879	genuine	yes
D_0002704822	genuine	0.998720	-0.0013	genuine	yes
D_0002495830	fake	0.000000	-16.1346	fake	yes
D_0002267707	fake	0.000000	-16.6504	fake	yes
D_0002956843	fake	0.000000	-16.9643	fake	yes
D_0002198092	genuine	0.997307	-0.0027	genuine	yes
D_0002500051	fake	0.000000	-16.2206	fake	yes
D_0002295931	genuine	0.961286	-0.0395	genuine	yes
D_0002546440	genuine	0.998051	-0.0020	genuine	yes
D_0002918308	genuine	0.999139	-0.0009	genuine	yes
D_0002832628	genuine	0.000047	-9.9627	fake	NO
D_0002112349	fake	0.000000	-14.8127	fake	yes
D_0002511076	genuine	0.963772	-0.0369	genuine	yes
D_0001991074	genuine	0.999861	-0.0001	genuine	yes
D_0002903566	fake	0.000000	-14.6236	fake	yes
D_0002268757	genuine	0.062171	-2.7779	fake	NO
D_0002678740	genuine	0.998938	-0.0011	genuine	yes
D_0002295280	fake	0.000000	-15.7380	fake	yes
D_0002147965	genuine	0.898368	-0.1072	genuine	yes
D_0002937565	genuine	0.877648	-0.1305	genuine	yes
D_0002029840	genuine	0.999985	-0.0000	genuine	yes
D_0002553538	fake	0.000000	-15.6813	fake	yes
D_0002114260	genuine	0.769898	-0.2615	genuine	yes
D_0002758036	genuine	0.999425	-0.0006	genuine	yes
D_0002902978	fake	0.000000	-16.5403	fake	yes
D_0002430226	fake	0.000000	-16.0068	fake	yes
D_0002142190	fake	0.000000	-17.0948	fake	yes
D_0002754235	fake	0.000000	-14.6459	fake	yes
D_0002383270	genuine	0.997930	-0.0021	genuine	yes
D_0002859298	genuine	0.047505	-3.0469	fake	NO
D_0002870470	genuine	0.999820	-0.0002	genuine	yes
D_0002841679	genuine	0.995224	-0.0048	genuine	yes
D_0002234275	genuine	0.993135	-0.0069	genuine	yes
D_0002010772	genuine	0.999671	-0.0003	genuine	yes
D_0002024506	genuine	0.999946	-0.0001	genuine	yes
D_0002574034	genuine	0.808842	-0.2122	genuine	yes
D_0002240449	genuine	0.962057	-0.0387	genuine	yes
D_0002085952	genuine	0.172629	-1.7566	fake	NO
D_0002904994	fake	0.000000	-16.8652	fake	yes
D_0002428588	genuine	0.975554	-0.0248	genuine	yes
D_0002932105	fake	0.000000	-17.0870	fake	yes
D_0002074360	fake	0.000001	-14.2317	fake	yes
D_0002211763	fake	0.000000	-17.0039	fake	yes
D_0002771665	genuine	0.778946	-0.2498	genuine	yes
D_0002116927	genuine	0.842860	-0.1710	genuine	yes
D_0002895460	genuine	0.298891	-1.2077	fake	NO
D_0002624329	genuine	0.999009	-0.0010	genuine	yes
D_0002053423	genuine	0.687004	-0.3754	genuine	yes
D_0002619667	genuine	0.699142	-0.3579	genuine	yes
D_0002809360	fake	0.000000	-15.0360	fake	yes
D_0002500576	fake	0.000000	-16.2013	fake	yes
D_0002950417	genuine	0.855797	-0.1557	genuine	yes
D_0002716267	genuine	0.999920	-0.0001	genuine	yes
D_0002064175	fake	0.000000	-16.0753	fake	yes
D_0002446564	fake	0.000000	-15.4524	fake	yes
D_0002006194	genuine	0.796684	-0.2273	genuine	yes
D_0002109388	genuine	0.000000	-15.0024	fake	NO
D_0002393539	fake	0.000000	-17.0499	fake	yes
D_0002436568	fake	0.000000	-16.8905	fake	yes
D_0002707888	genuine	0.770651	-0.2605	genuine	yes
D_0002380603	fake	0.000000	-17.1948	fake	yes
D_0002894683	fake	0.000000	-17.3848	fake	yes
D_0002420293	genuine	0.999040	-0.0010	genuine	yes
D_0002711164	fake	0.000000	-16.9991	fake	yes
D_0002443225	genuine	0.998020	-0.0020	genuine	yes
D_0002438941	fake	0.000000	-15.1623	fake	yes
D_0002494213	fake	0.000000	-15.8796	fake	yes
D_0002034838	genuine	0.998732	-0.0013	genuine	yes
D_0002439025	genuine	0.705220	-0.3492	genuine	yes
D_0002068291	fake	0.000000	-17.1377	fake	yes
D_0002263150	fake	0.000000	-15.2995	fake	yes
D_0002704150	fake	0.000000	-17.1012	fake	yes
D_0002765953	fake	0.000000	-15.5179	fake	yes
D_0002303449	genuine	0.973377	-0.0270	genuine	yes
D_0002562295	genuine	0.999890	-0.0001	genuine	yes
D_0002578906	genuine	0.960062	-0.0408	genuine	yes
D_0002798293	fake	0.000000	-16.2801	fake	yes
D_0002575483	fake	0.000000	-16.8403	fake	yes
D_0002895859	fake	0.000000	-17.1950	fake	yes
D_0002045779	genuine	0.999192	-0.0008	genuine	yes
D_0002876686	genuine	0.023407	-3.7547	fake	NO
D_0002549800	fake	0.000000	-16.0010	fake	yes
D_0002012998	genuine	0.190845	-1.6563	fake	NO
D_0002578507	genuine	0.014530	-4.2315	fake	NO
D_0002058715	fake	0.000000	-15.9207	fake	yes
D_0002528086	genuine	0.018570	-3.9862	fake	NO
D_0002804782	genuine	0.999847	-0.0002	genuine	yes
D_0002607739	genuine	0.618543	-0.4804	genuine	yes
D_0002055166	fake	0.000000	-15.4713	fake	yes
D_0002447572	genuine	0.739505	-0.3018	genuine	yes
D_0002240995	fake	0.000000	-16.7059	fake	yes
D_0002132551	genuine	0.666576	-0.4056	genuine	yes
D_0002449126	genuine	0.082329	-2.4970	fake	NO
D_0002411893	genuine	0.997972	-0.0020	genuine	yes
D_0002635795	genuine	0.999952	-0.0000	genuine	yes
D_0002401393	genuine	0.774829	-0.2551	genuine	yes
D_0002736343	fake	0.000000	-15.9403	fake	yes
D_0001992628	fake	0.000000	-16.6041	fake	yes
D_0002747011	fake	0.000000	-16.1610	fake	yes
D_0002793253	fake	0.000000	-16.6402	fake	yes
D_0002554945	fake	0.000000	-14.9598	fake	yes
D_0002058358	fake	0.000001	-13.8503	fake	yes
D_0002955730	genuine	0.001270	-6.6690	fake	NO
D_0002697157	genuine	0.999958	-0.0000	genuine	yes
D_0002918140	genuine	0.570581	-0.5611	genuine	yes
D_0002796928	fake	0.000000	-17.0423	fake	yes
D_0002575336	genuine	0.712873	-0.3385	genuine	yes
D_0002105923	fake	0.000000	-16.4978	fake	yes
D_0002955772	fake	0.000000	-16.5305	fake	yes
D_0002165563	fake	0.000000	-16.1028	fake	yes
D_0002053549	genuine	0.992478	-0.0076	genuine	yes
D_0002069320	fake	0.000000	-15.6700	fake	yes
D_0002952622	genuine	0.082282	-2.4976	fake	NO
D_0002224090	genuine	0.999986	-0.0000	genuine	yes
D_0002911021	genuine	0.925104	-0.0778	genuine	yes
D_0002266510	fake	0.000000	-16.7447	fake	yes
D_0002668051	genuine	0.982116	-0.0180	genuine	yes
D_0002255086	genuine	0.000053	-9.8513	fake	NO
D_0002460739	fake	0.000000	-15.6572	fake	yes
D_0002547595	fake	0.000000	-16.5061	fake	yes
D_0002403073	fake	0.000000	-17.0287	fake	yes
D_0002024590	fake	0.000000	-15.7285	fake	yes
D_0002506897	genuine	0.941674	-0.0601	genuine	yes
D_0002763706	genuine	0.009075	-4.7023	fake	NO
D_0002796970	genuine	0.375938	-0.9783	fake	NO
D_0002154454	genuine	0.999968	-0.0000	genuine	yes
D_0002257858	fake	0.000000	-15.3262	fake	yes
D_0002233204	fake	0.000000	-15.9305	fake	yes
D_0002654170	genuine	0.984592	-0.0155	genuine	yes
D_0002734390	genuine	0.187078	-1.6762	fake	NO
D_0002662234	genuine	0.989579	-0.0105	genuine	yes
D_0002957998	genuine	0.895150	-0.1108	genuine	yes
D_0002058547	fake	0.000000	-16.5464	fake	yes
D_0002419054	genuine	0.997557	-0.0024	genuine	yes
D_0002517565	genuine	0.888949	-0.1177	genuine	yes
D_0002051974	genuine	0.957695	-0.0432	genuine	yes
D_0002289106	genuine	0.997955	-0.0020	genuine	yes
D_0002515591	fake	0.000000	-16.0260	fake	yes
D_0002055859	genuine	0.912486	-0.0916	genuine	yes
D_0002857198	fake	0.000000	-17.1306	fake	yes
D_0002779267	genuine	0.963255	-0.0374	genuine	yes
D_0002282890	genuine	0.990687	-0.0094	genuine	yes
D_0002069551	fake	0.000000	-16.6105	fake	yes
D_0002193808	genuine	0.100291	-2.2997	fake	NO
D_0002268778	fake	0.000000	-16.4642	fake	yes
D_0002046262	genuine	0.999963	-0.0000	genuine	yes
D_0002673910	fake	0.000001	-13.5504	fake	yes
D_0002364664	genuine	0.997968	-0.0020	genuine	yes
D_0002801548	fake	0.000000	-16.5550	fake	yes
D_0002378440	genuine	0.998016	-0.0020	genuine	yes
D_0002579515	fake	0.000000	-16.3515	fake	yes
D_0002251264	fake	0.000000	-16.7671	fake	yes
D_0001997311	fake	0.000000	-17.0959	fake	yes
D_0002327662	fake	0.000000	-16.2039	fake	yes
D_0002078791	fake	0.000000	-15.8951	fake	yes
D_0002135008	fake	0.000000	-15.7231	fake	yes
D_0002117158	fake	0.000000	-15.3306	fake	yes
D_0002784664	fake	0.000000	-16.2491	fake	yes
D_0002046640	genuine	0.998060	-0.0019	genuine	yes
D_0002587033	fake	0.000000	-16.0203	fake	yes
D_0002548162	fake	0.000000	-16.3513	fake	yes
D_0002624728	fake	0.000000	-16.4783	fake	yes
D_0002062663	genuine	0.981413	-0.0188	genuine	yes
D_0002636488	genuine	0.963987	-0.0367	genuine	yes
D_0002442007	fake	0.000000	-16.5760	fake	yes
D_0002201242	genuine	0.985636	-0.0145	genuine	yes
D_0002840272	fake	0.000000	-16.3115	fake	yes
D_0002099098	genuine	0.998805	-0.0012	genuine	yes
D_0002762110	genuine	0.999952	-0.0000	genuine	yes
D_0002566306	genuine	0.995459	-0.0046	genuine	yes
D_0002813980	fake	0.000001	-14.4065	fake	yes
D_0002605324	genuine	0.019438	-3.9406	fake	NO
D_0002187046	genuine	0.996034	-0.0040	genuine	yes
D_0002835274	genuine	0.999711	-0.0003	genuine	yes
D_0002325562	fake	0.000000	-17.1134	fake	yes
D_0002640646	genuine	0.999154	-0.0008	genuine	yes
D_0002034943	fake	0.000000	-17.1156	fake	yes
D_0002740186	fake	0.000000	-16.8022	fake	yes
D_0002237635	genuine	0.000003	-12.7028	fake	NO
D_0001993405	genuine	0.998817	-0.0012	genuine	yes
D_0002100148	genuine	0.999948	-0.0001	genuine	yes
D_0002503201	fake	0.000000	-15.8902	fake	yes
D_0002493289	genuine	0.839071	-0.1755	genuine	yes
D_0002418319	fake	0.000001	-14.1328	fake	yes
D_0002172199	genuine	0.999783	-0.0002	genuine	yes
D_0002341228	genuine	0.957157	-0.0438	genuine	yes
D_0002373148	fake	0.000000	-16.1722	fake	yes
D_0002747032	fake	0.000000	-16.8308	fake	yes
D_0002050000	genuine	0.255757	-1.3635	fake	NO
D_0002731471	genuine	0.999212	-0.0008	genuine	yes
D_0002783404	fake	0.000000	-16.7887	fake	yes
D_0002061025	genuine	0.999946	-0.0001	genuine	yes
D_0002698102	genuine	0.999976	-0.0000	genuine	yes
D_0002692201	fake	0.000000	-17.3334	fake	yes
D_0002683654	genuine	0.223220	-1.4996	fake	NO
D_0002599486	genuine	0.848013	-0.1649	genuine	yes
D_0002892877	genuine	0.996139	-0.0039	genuine	yes
D_0002558431	genuine	0.880772	-0.1270	genuine	yes
D_0002121337	genuine	0.998338	-0.0017	genuine	yes
D_0002506981	genuine	0.907685	-0.0969	genuine	yes
D_0002703982	fake	0.000000	-16.3191	fake	yes
D_0002218462	fake	0.000000	-15.0295	fake	yes
D_0002046304	genuine	0.996707	-0.0033	genuine	yes
D_0002537389	genuine	0.993932	-0.0061	genuine	yes
D_0002379028	fake	0.000000	-16.3475	fake	yes
D_0002799616	genuine	1.000000	-0.0000	genuine	yes
D_0002938489	fake	0.000000	-17.0116	fake	yes
D_0002312584	fake	0.000003	-12.7497	fake	yes
D_0002436400	fake	0.000000	-17.2138	fake	yes
D_0002616286	fake	0.000000	-15.9937	fake	yes
D_0002476258	fake	0.000000	-16.9744	fake	yes
D_0002679118	fake	0.000000	-16.3447	fake	yes
D_0002471638	genuine	0.000000	-14.7191	fake	NO
D_0002951341	fake	0.000000	-16.4944	fake	yes
D_0002722210	genuine	0.002228	-6.1067	fake	NO
D_0002534113	genuine	0.993039	-0.0070	genuine	yes
D_0002037736	fake	0.000000	-16.9618	fake	yes
D_0002039647	genuine	0.404779	-0.9044	fake	NO
D_0002275624	fake	0.000000	-17.1309	fake	yes
D_0002119699	fake	0.000000	-16.0486	fake	yes
D_0002778868	genuine	0.999888	-0.0001	genuine	yes
D_0002759800	fake	0.000000	-16.4061	fake	yes
D_0002167579	genuine	0.999971	-0.0000	genuine	yes
D_0002944474	fake	0.000000	-14.9835	fake	yes
D_0002546083	fake	0.000000	-16.9357	fake	yes
D_0002779624	genuine	0.940793	-0.0610	genuine	yes
D_0002080597	genuine	0.977941	-0.0223	genuine	yes
D_0002078833	fake	0.000000	-17.7522	fake	yes
D_0002642557	genuine	0.959457	-0.0414	genuine	yes
D_0002433145	fake	0.000000	-16.8990	fake	yes
D_0002559754	genuine	0.091155	-2.3952	fake	NO
D_0002522353	genuine	0.996313	-0.0037	genuine	yes
D_0002370040	genuine	0.833887	-0.1817	genuine	yes
D_0002892730	fake	0.000000	-16.2738	fake	yes
D_0002882839	fake	0.000000	-16.6818	fake	yes
D_0002753038	fake	0.000000	-17.2608	fake	yes
D_0002069026	fake	0.000000	-15.7329	fake	yes
D_0002940652	genuine	0.997983	-0.0020	genuine	yes
D_0002068039	genuine	0.987257	-0.0128	genuine	yes
D_0002343958	genuine	0.000071	-9.5528	fake	NO
D_0002123815	genuine	0.999421	-0.0006	genuine	yes
D_0002174236	genuine	0.900922	-0.1043	genuine	yes
D_0002481088	genuine	0.021933	-3.8197	fake	NO
D_0002769229	fake	0.000000	-15.6904	fake	yes
D_0002172241	genuine	0.010788	-4.5293	fake	NO
D_0002008504	fake	0.000000	-17.2142	fake	yes
D_0002748733	fake	0.000000	-16.7597	fake	yes
D_0002214556	genuine	0.984522	-0.0156	genuine	yes
D_0002234863	genuine	0.996624	-0.0034	genuine	yes
D_0002689744	genuine	0.999887	-0.0001	genuine	yes
D_0002015539	genuine	0.978761	-0.0215	genuine	yes
D_0002106070	genuine	0.998328	-0.0017	genuine	yes
D_0002598961	fake	0.000000	-15.8892	fake	yes
D_0002658895	fake	0.000000	-16.7116	fake	yes
D_0002694406	genuine	0.737809	-0.3041	genuine	yes
D_0002442238	genuine	0.999888	-0.0001	genuine	yes
D_0002504041	genuine	0.743334	-0.2966	genuine	yes
D_0002077048	genuine	0.003758	-5.5838	fake	NO
D_0002333563	fake	0.000000	-16.5214	fake	yes
D_0002459248	genuine	0.933633	-0.0687	genuine	yes
D_0002927527	genuine	0.997610	-0.0024	genuine	yes
D_0002548099	genuine	0.096142	-2.3419	fake	NO
D_0002213968	genuine	0.912636	-0.0914	genuine	yes
D_0002638861	genuine	0.997970	-0.0020	genuine	yes
D_0002411347	genuine	0.837432	-0.1774	genuine	yes
D_0002532118	fake	0.000000	-16.4153	fake	yes
D_0002941828	genuine	0.994700	-0.0053	genuine	yes
D_0002097733	genuine	0.980732	-0.0195	genuine	yes
D_0002625358	fake	0.000000	-15.5011	fake	yes
D_0002949430	fake	0.000000	-17.1600	fake	yes
D_0002394883	genuine	0.998290	-0.0017	genuine	yes
D_0002794702	fake	0.000000	-14.5977	fake	yes
D_0002612968	genuine	0.999782	-0.0002	genuine	yes
D_0002145151	genuine	0.637243	-0.4506	genuine	yes
D_0002688400	fake	0.000001	-14.3177	fake	yes
D_0002930341	fake	0.000000	-16.8179	fake	yes
D_0002241541	fake	0.000000	-16.6353	fake	yes
D_0002542702	fake	0.000000	-15.6851	fake	yes
D_0002170876	genuine	0.999082	-0.0009	genuine	yes
D_0002292424	genuine	0.999746	-0.0003	genuine	yes
D_0002238727	fake	0.000000	-17.1995	fake	yes
D_0002806231	fake	0.000002	-13.1131	fake	yes
D_0002199898	genuine	0.976075	-0.0242	genuine	yes
D_0002924335	genuine	0.988843	-0.0112	genuine	yes
D_0002802220	fake	0.000001	-14.0854	fake	yes
D_0002492974	genuine	0.571144	-0.5601	genuine	yes
D_0002587978	fake	0.000000	-15.9102	fake	yes
D_0002261071	fake	0.000000	-15.6511	fake	yes
D_0002651881	genuine	0.000402	-7.8191	fake	NO
D_0002442574	genuine	0.891726	-0.1146	genuine	yes
D_0002514247	genuine	0.999709	-0.0003	genuine	yes
D_0002264767	fake	0.000000	-16.8268	fake	yes
D_0002693944	fake	0.000000	-16.3229	fake	yes
D_0002730988	genuine	0.999930	-0.0001	genuine	yes
D_0002147272	genuine	0.836921	-0.1780	genuine	yes
D_0002434405	fake	0.000000	-17.3854	fake	yes
D_0002670424	fake	0.000000	-15.3971	fake	yes
D_0002359981	genuine	0.999924	-0.0001	genuine	yes
D_0001998655	fake	0.000000	-16.2419	fake	yes
D_0002319892	fake	0.000000	-17.1124	fake	yes
D_0002629432	fake	0.000000	-16.2959	fake	yes
D_0002144563	genuine	1.000000	-0.0000	genuine	yes
D_0002375521	fake	0.000000	-15.4990	fake	yes
D_0002286796	genuine	0.999790	-0.0002	genuine	yes
D_0002012956	fake	0.000000	-15.6599	fake	yes
D_0002337616	genuine	0.146433	-1.9212	fake	NO
D_0002673742	fake	0.000000	-16.1947	fake	yes
D_0002063272	genuine	0.986271	-0.0138	genuine	yes
D_0002223397	genuine	0.000058	-9.7579	fake	NO
D_0002068984	fake	0.000000	-16.6435	fake	yes
D_0002210125	genuine	0.000002	-13.1655	fake	NO
D_0002679727	fake	0.000000	-15.3528	fake	yes
D_0002590519	genuine	0.997464	-0.0025	genuine	yes
D_0002566915	genuine	0.998878	-0.0011	genuine	yes
D_0002224531	fake	0.000000	-14.6588	fake	yes
D_0002571220	fake	0.000000	-16.5168	fake	yes
D_0002541442	fake	0.000000	-16.6811	fake	yes
D_0002106679	genuine	0.971656	-0.0288	genuine	yes
D_0002735146	fake	0.000022	-10.7162	fake	yes
D_0002197840	genuine	0.000008	-11.7717	fake	NO
D_0002013376	fake	0.000013	-11.2284	fake	yes
D_0002117851	genuine	0.999998	-0.0000	genuine	yes
D_0002730820	genuine	0.999326	-0.0007	genuine	yes
D_0002928556	genuine	0.994448	-0.0056	genuine	yes
D_0002592430	fake	0.000000	-16.8678	fake	yes
D_0002857555	fake	0.000000	-16.6175	fake	yes
D_0002705935	fake	0.000000	-16.0805	fake	yes
D_0002865619	fake	0.000000	-17.2914	fake	yes
D_0002402002	fake	0.000000	-17.2414	fake	yes
D_0002457631	fake	0.000000	-17.0093	fake	yes
D_0002051008	genuine	0.824937	-0.1924	genuine	yes
D_0002203384	fake	0.000000	-15.4132	fake	yes
D_0002102689	fake	0.000000	-17.5002	fake	yes
D_0002937355	fake	0.000000	-16.8806	fake	yes
D_0002733319	fake	0.000000	-16.0055	fake	yes
D_0002514688	genuine	0.999997	-0.0000	genuine	yes
D_0002040886	genuine	0.933852	-0.0684	genuine	yes
D_0002774584	genuine	0.986229	-0.0139	genuine	yes
D_0002935276	genuine	0.999959	-0.0000	genuine	yes
D_0002185702	genuine	0.999951	-0.0000	genuine	yes
D_0002055103	fake	0.000000	-16.8745	fake	yes
D_0002587852	fake	0.000000	-17.3729	fake	yes
D_0002006929	fake	0.000000	-16.3792	fake	yes
D_0002800141	fake	0.000000	-15.6078	fake	yes
D_0002104075	fake	0.000000	-16.3786	fake	yes
D_0002812132	genuine	0.999942	-0.0001	genuine	yes
D_0002833888	fake	0.000000	-16.4681	fake	yes
D_0002733109	genuine	0.987228	-0.0129	genuine	yes
D_0002061508	fake	0.000000	-17.3379	fake	yes
D_0002234128	fake	0.000000	-15.2638	fake	yes
D_0002290639	fake	0.000000	-16.6076	fake	yes
D_0002918791	genuine	0.999740	-0.0003	genuine	yes
D_0002161573	fake	0.000000	-15.5546	fake	yes
D_0002572207	fake	0.000000	-16.6268	fake	yes
D_0002915935	genuine	0.604768	-0.5029	genuine	yes
D_0002797222	fake	0.000000	-16.7989	fake	yes
D_0002199121	fake	0.000000	-16.5415	fake	yes
D_0002875153	fake	0.000000	-15.8164	fake	yes
D_0002044834	fake	0.000000	-16.3833	fake	yes
D_0002087485	genuine	0.829351	-0.1871	genuine	yes
D_0002902306	fake	0.000000	-16.8371	fake	yes
D_0002643082	genuine	0.999998	-0.0000	genuine	yes
D_0002300593	genuine	0.998424	-0.0016	genuine	yes
D_0002563702	genuine	0.898215	-0.1073	genuine	yes
D_0002624875	fake	0.000000	-17.2962	fake	yes
D_0002118292	genuine	0.930118	-0.0724	genuine	yes
D_0002693965	fake	0.000000	-15.8331	fake	yes
D_0002793127	fake	0.000000	-16.2630	fake	yes
D_0002721538	genuine	0.848506	-0.1643	genuine	yes
D_0002448370	fake	0.000000	-16.5194	fake	yes
D_0002004934	genuine	0.000005	-12.2655	fake	NO
D_0002543185	fake	0.000000	-15.9652	fake	yes
D_0002929522	fake	0.000000	-16.6220	fake	yes
D_0002795962	genuine	0.998643	-0.0014	genuine	yes
D_0002608726	genuine	0.999091	-0.0009	genuine	yes
D_0002656123	fake	0.000000	-15.8998	fake	yes
D_0002207038	fake	0.000000	-16.9452	fake	yes
D_0002169574	genuine	0.779808	-0.2487	genuine	yes
D_0002116381	genuine	0.999386	-0.0006	genuine	yes
D_0002287657	fake	0.000000	-16.8102	fake	yes
D_0002500093	genuine	0.553594	-0.5913	genuine	yes
D_0002805433	genuine	0.956500	-0.0445	genuine	yes
D_0002669521	fake	0.000000	-17.2707	fake	yes
D_0002752366	fake	0.000000	-17.0665	fake	yes
D_0002277283	fake	0.016532	-4.1025	fake	yes
D_0002632960	fake	0.000000	-16.2166	fake	yes
D_0002395723	fake	0.000000	-15.9150	fake	yes
D_0002550325	genuine	0.641356	-0.4442	genuine	yes
D_0002741950	genuine	0.990481	-0.0096	genuine	yes
D_0002439844	genuine	0.999974	-0.0000	genuine	yes
D_0002298451	fake	0.000000	-16.1877	fake	yes
D_0002560615	genuine	0.998920	-0.0011	genuine	yes
D_0002413510	genuine	0.973304	-0.0271	genuine	yes
D_0002474956	genuine	0.999721	-0.0003	genuine	yes
D_0002889853	fake	0.000000	-15.4206	fake	yes
D_0002278333	genuine	0.999833	-0.0002	genuine	yes
D_0002336671	genuine	0.885349	-0.1218	genuine	yes
D_0002310505	genuine	1.000000	-0.0000	genuine	yes
D_0002292886	fake	0.000000	-17.6186	fake	yes
D_0002567944	genuine	0.967791	-0.0327	genuine	yes
D_0002181313	fake	0.000000	-16.4914	fake	yes
D_0002796739	genuine	0.999025	-0.0010	genuine	yes
D_0002529451	genuine	0.997585	-0.0024	genuine	yes
D_0002074801	fake	0.000000	-16.1316	fake	yes
D_0002892268	fake	0.000000	-17.0166	fake	yes
D_0002412334	fake	0.000000	-15.8963	fake	yes
D_0002059009	fake	0.000000	-16.8187	fake	yes
D_0002639344	fake	0.000000	-15.5701	fake	yes
D_0002586109	genuine	0.978724	-0.0215	genuine	yes
D_0002640268	genuine	0.999564	-0.0004	genuine	yes
D_0002642788	fake	0.000000	-15.8857	fake	yes
D_0002111278	genuine	0.999982	-0.0000	genuine	yes
D_0002761375	fake	0.000000	-17.1569	fake	yes
D_0002127427	fake	0.000000	-16.5934	fake	yes
D_0002773849	genuine	0.999934	-0.0001	genuine	yes
D_0002770216	fake	0.000000	-17.0199	fake	yes
D_0002371384	genuine	0.999714	-0.0003	genuine	yes
D_0002559565	fake	0.000001	-14.0722	fake	yes
D_0002824375	fake	0.000000	-16.6513	fake	yes
D_0002539195	genuine	0.737677	-0.3042	genuine	yes
D_0002021818	genuine	0.987378	-0.0127	genuine	yes
D_0002445577	fake	0.000000	-16.2526	fake	yes
D_0002811859	fake	0.000000	-16.8718	fake	yes
D_0001994497	genuine	0.999987	-0.0000	genuine	yes
D_0002029462	fake	0.000000	-16.7852	fake	yes
D_0002397886	genuine	0.000078	-9.4626	fake	NO
D_0002866753	fake	0.000000	-17.2504	fake	yes
D_0002084608	genuine	0.021532	-3.8382	fake	NO
D_0002083663	fake	0.000000	-15.6863	fake	yes
D_0002326276	genuine	0.999733	-0.0003	genuine	yes
D_0002458933	genuine	0.001207	-6.7199	fake	NO
D_0002603686	fake	0.000000	-16.3550	fake	yes
D_0002947162	fake	0.000000	-17.2354	fake	yes
D_0002631070	fake	0.000000	-16.1819	fake	yes
D_0002381653	fake	0.000001	-13.4111	fake	yes
D_0002126923	fake	0.000000	-16.9503	fake	yes
D_0002278312	fake	0.000000	-16.8111	fake	yes
D_0002284507	genuine	0.105242	-2.2515	fake	NO
D_0002881012	fake	0.000000	-15.4799	fake	yes
D_0002956549	genuine	0.456050	-0.7852	fake	NO
D_0002930782	genuine	0.311788	-1.1654	fake	NO
D_0002327011	fake	0.000000	-16.7205	fake	yes
D_0002561665	fake	0.000000	-16.5545	fake	yes
D_0002691235	fake	0.000000	-17.3641	fake	yes
D_0002867089	genuine	0.443561	-0.8129	fake	NO
D_0002625295	genuine	0.597029	-0.5158	genuine	yes
D_0002424451	fake	0.000000	-16.0619	fake	yes
D_0002619562	fake	0.000000	-16.5656	fake	yes
D_0002605933	genuine	0.999924	-0.0001	genuine	yes
D_0002425207	genuine	0.999999	-0.0000	genuine	yes
D_0002494738	genuine	0.947819	-0.0536	genuine	yes
D_0002645560	genuine	0.404953	-0.9040	fake	NO
D_0002303050	fake	0.000000	-16.8148	fake	yes
D_0002536423	genuine	0.556999	-0.5852	genuine	yes
D_0002842246	genuine	0.410442	-0.8905	fake	NO
D_0002408512	fake	0.000001	-14.3200	fake	yes
D_0002667127	fake	0.000000	-15.6789	fake	yes
D_0002275288	genuine	0.001370	-6.5926	fake	NO
D_0002180095	fake	0.000000	-16.9964	fake	yes
D_0002709631	genuine	0.999841	-0.0002	genuine	yes
D_0002722420	fake	0.000001	-14.2445	fake	yes
D_0002829898	fake	0.000000	-16.6871	fake	yes
D_0002132278	genuine	0.918882	-0.0846	genuine	yes
D_0002061907	fake	0.000000	-16.9111	fake	yes
D_0002684032	fake	0.000000	-16.5980	fake	yes
D_0002211511	fake	0.000001	-14.0874	fake	yes
D_0002392825	genuine	0.000047	-9.9688	fake	NO
D_0002843548	fake	0.000000	-15.2611	fake	yes
D_0002588545	genuine	0.081854	-2.5028	fake	NO
D_0002293075	fake	0.000000	-16.3953	fake	yes
D_0002134861	fake	0.000000	-16.3251	fake	yes
D_0002486905	fake	0.000000	-16.6400	fake	yes
D_0002308510	fake	0.000000	-16.3657	fake	yes
D_0002756398	genuine	0.994374	-0.0056	genuine	yes
D_0002808079	fake	0.000000	-15.8888	fake	yes
D_0002407483	fake	0.000000	-16.4995	fake	yes
D_0002033032	genuine	0.600030	-0.5108	genuine	yes
D_0002065288	fake	0.000000	-16.1514	fake	yes
D_0002064742	fake	0.000000	-14.8414	fake	yes
D_0002785924	fake	0.000000	-16.6502	fake	yes
D_0002577730	genuine	0.834887	-0.1805	genuine	yes
D_0002205589	fake	0.000000	-15.8174	fake	yes
D_0002272264	genuine	0.000352	-7.9516	fake	NO
D_0002547133	fake	0.000000	-16.4767	fake	yes
D_0002684368	genuine	0.852299	-0.1598	genuine	yes
D_0001995274	genuine	0.999074	-0.0009	genuine	yes
D_0002545768	genuine	0.999868	-0.0001	genuine	yes
D_0002149162	fake	0.000000	-15.7064	fake	yes
D_0002688820	fake	0.000000	-16.1666	fake	yes
D_0002137171	genuine	0.987741	-0.0123	genuine	yes
D_0002397928	genuine	0.977441	-0.0228	genuine	yes
D_0002092357	genuine	0.982955	-0.0172	genuine	yes
D_0002688106	genuine	0.452345	-0.7933	fake	NO
D_0002425354	genuine	0.996754	-0.0033	genuine	yes
D_0002200339	fake	0.000000	-16.3250	fake	yes
D_0002875195	genuine	0.000111	-9.1102	fake	NO
D_0002092882	genuine	0.986629	-0.0135	genuine	yes
D_0002230957	genuine	0.012065	-4.4174	fake	NO
D_0002748313	genuine	0.976883	-0.0234	genuine	yes
D_0002060122	genuine	0.996638	-0.0034	genuine	yes
D_0002723113	genuine	0.075022	-2.5900	fake	NO
D_0002613892	fake	0.000000	-15.4321	fake	yes
D_0002368801	genuine	0.975734	-0.0246	genuine	yes
D_0002460571	fake	0.000000	-15.6881	fake	yes
D_0002803963	genuine	0.000016	-11.0732	fake	NO
D_0002935465	fake	0.000000	-16.5395	fake	yes
D_0002739640	genuine	0.999471	-0.0005	genuine	yes
D_0002030722	fake	0.000000	-16.0675	fake	yes
D_0002683381	genuine	0.989134	-0.0109	genuine	yes
D_0002534722	fake	0.000000	-16.1600	fake	yes
D_0002665468	fake	0.000000	-16.7694	fake	yes
D_0002396332	genuine	0.999550	-0.0005	genuine	yes
D_0002714020	fake	0.000000	-16.8568	fake	yes
D_0002645980	genuine	0.985040	-0.0151	genuine	yes
D_0002388940	genuine	0.997247	-0.0028	genuine	yes
D_0002700958	fake	0.000005	-12.1367	fake	yes
D_0002067661	fake	0.000000	-16.6541	fake	yes
D_0002530144	fake	0.000000	-16.7932	fake	yes
D_0002679139	fake	0.000000	-17.3567	fake	yes
D_0002583820	genuine	0.027842	-3.5812	fake	NO
D_0002067850	fake	0.000000	-15.4902	fake	yes
D_0002723932	fake	0.000000	-17.2975	fake	yes
D_0002250046	fake	0.999952	-0.0000	genuine	NO
D_0002901340	fake	0.000000	-14.9947	fake	yes
D_0002758330	fake	0.000000	-16.8233	fake	yes
D_0002063377	fake	0.000000	-17.1128	fake	yes
D_0002648164	fake	0.000000	-16.1308	fake	yes
D_0002229802	fake	0.000000	-16.6372	fake	yes
D_0002597470	fake	0.000000	-16.0840	fake	yes
D_0002334151	genuine	0.000454	-7.6971	fake	NO
D_0002121568	genuine	0.999925	-0.0001	genuine	yes
D_0002227870	genuine	0.000002	-12.9841	fake	NO
D_0002834098	genuine	0.426962	-0.8511	fake	NO
D_0002571745	fake	0.000000	-14.9934	fake	yes
D_0002722714	fake	0.000000	-17.1099	fake	yes
D_0001991011	genuine	0.879136	-0.1288	genuine	yes
D_0002805811	fake	0.000000	-16.3582	fake	yes
D_0002100463	fake	0.000000	-17.3471	fake	yes
D_0002909677	genuine	0.999999	-0.0000	genuine	yes
D_0002946406	fake	0.000000	-17.0510	fake	yes
D_0002767843	fake	0.000000	-15.7733	fake	yes
D_0002823913	fake	0.000000	-15.2125	fake	yes
D_0002639323	genuine	0.121276	-2.1097	fake	NO
D_0002321719	fake	0.000000	-16.6175	fake	yes
D_0002635438	genuine	0.999884	-0.0001	genuine	yes
D_0002877001	fake	0.000000	-16.9950	fake	yes
D_0002937481	fake	0.000000	-16.8749	fake	yes
D_0002105188	fake	0.000000	-17.8179	fake	yes
D_0002389360	fake	0.000000	-17.0065	fake	yes
D_0002818159	genuine	0.000015	-11.1259	fake	NO
D_0002350846	fake	0.000000	-16.2597	fake	yes
D_0002747431	genuine	0.999991	-0.0000	genuine	yes
D_0002012557	genuine	0.996260	-0.0037	genuine	yes
D_0002135029	fake	0.000000	-16.3744	fake	yes
D_0002195614	fake	0.000000	-16.8838	fake	yes
D_0002525986	genuine	0.999953	-0.0000	genuine	yes
D_0002442427	genuine	0.999658	-0.0003	genuine	yes
D_0002230264	fake	0.000000	-16.6962	fake	yes
D_0002153719	genuine	0.999995	-0.0000	genuine	yes
D_0002037064	fake	0.000000	-17.0355	fake	yes
D_0002777566	genuine	0.999943	-0.0001	genuine	yes
D_0002479072	genuine	0.999468	-0.0005	genuine	yes
D_0002921605	fake	0.000000	-15.9046	fake	yes
D_0002208151	fake	0.000000	-15.2513	fake	yes
D_0002922403	genuine	0.000451	-7.7042	fake	NO
D_0002793211	fake	0.000000	-17.3723	fake	yes
D_0002184883	fake	0.000000	-16.6425	fake	yes
D_0002340661	genuine	0.003777	-5.5787	fake	NO
D_0002955814	genuine	0.999428	-0.0006	genuine	yes
D_0002918938	genuine	0.999979	-0.0000	genuine	yes
D_0002234422	genuine	0.947594	-0.0538	genuine	yes
D_0002389087	fake	0.000000	-15.5737	fake	yes
D_0002465170	genuine	0.993037	-0.0070	genuine	yes
D_0002506687	fake	0.000000	-16.7470	fake	yes
D_0002383123	genuine	0.999676	-0.0003	genuine	yes
D_0002314726	genuine	0.990802	-0.0092	genuine	yes
D_0002144941	genuine	0.993162	-0.0069	genuine	yes
D_0002197378	genuine	0.096525	-2.3380	fake	NO
D_0002058526	fake	0.000000	-16.0552	fake	yes
D_0002640184	genuine	0.966400	-0.0342	genuine	yes
D_0002212498	genuine	0.040146	-3.2152	fake	NO
D_0002415106	fake	0.000000	-16.7941	fake	yes
D_0002229907	genuine	0.380492	-0.9663	fake	NO
D_0002762089	genuine	0.889200	-0.1174	genuine	yes
D_0002392531	genuine	0.890279	-0.1162	genuine	yes
D_0002081479	fake	0.000000	-15.6491	fake	yes
D_0002551312	fake	0.000000	-15.3574	fake	yes
D_0002593144	genuine	0.000014	-11.1804	fake	NO
D_0002024674	fake	0.000000	-16.3111	fake	yes
D_0002533777	fake	0.000000	-17.0902	fake	yes
D_0002575441	fake	0.000000	-17.4350	fake	yes
D_0002633590	fake	0.000000	-16.2764	fake	yes
D_0002186185	genuine	0.999838	-0.0002	genuine	yes
D_0002429827	genuine	0.963080	-0.0376	genuine	yes
D_0002838256	genuine	0.726982	-0.3189	genuine	yes
D_0002006719	fake	0.000000	-17.3273	fake	yes
D_0002018563	fake	0.000000	-16.1823	fake	yes
D_0002025178	genuine	0.999988	-0.0000	genuine	yes
D_0002509879	genuine	0.958884	-0.0420	genuine	yes
D_0002219449	fake	0.000000	-16.7683	fake	yes
D_0002627500	genuine	0.999509	-0.0005	genuine	yes
D_0002431969	genuine	0.998763	-0.0012	genuine	yes
D_0002170918	genuine	0.999786	-0.0002	genuine	yes
D_0002318044	genuine	0.006753	-4.9977	fake	NO
D_0002681176	fake	0.000000	-17.0245	fake	yes
D_0002630776	fake	0.000000	-16.7931	fake	yes
D_0002868937	fake	0.000000	-16.9367	fake	yes
D_0002231083	fake	0.000000	-15.2711	fake	yes
D_0002678719	genuine	0.999592	-0.0004	genuine	yes
D_0002419348	fake	0.000000	-16.6271	fake	yes
D_0002389528	fake	0.000000	-16.0696	fake	yes
D_0002772295	fake	0.000000	-16.3330	fake	yes
D_0002781745	fake	0.000000	-16.1601	fake	yes
D_0002219512	fake	0.000000	-16.4975	fake	yes
D_0002132257	fake	0.000000	-15.1824	fake	yes
D_0002887942	genuine	0.999825	-0.0002	genuine	yes
D_0002899219	fake	0.000000	-17.4069	fake	yes
D_0002314306	genuine	1.000000	-0.0000	genuine	yes
D_0002483167	fake	0.000000	-16.4908	fake	yes
D_0002894284	genuine	0.996675	-0.0033	genuine	yes
D_0002897728	genuine	0.039426	-3.2333	fake	NO
D_0002447026	genuine	0.000059	-9.7360	fake	NO
D_0002684263	fake	0.000000	-16.6480	fake	yes
D_0002022091	genuine	0.999363	-0.0006	genuine	yes
D_0002587873	genuine	0.995970	-0.0040	genuine	yes
D_0002032906	genuine	0.998023	-0.0020	genuine	yes
D_0002271550	fake	0.000000	-15.4398	fake	yes
D_0002917048	fake	0.000001	-14.0797	fake	yes
D_0001994938	fake	0.000000	-15.5759	fake	yes
D_0002503138	fake	0.000000	-15.6071	fake	yes
D_0002278522	fake	0.000000	-15.5844	fake	yes
D_0002417248	fake	0.000000	-16.8235	fake	yes
D_0002802304	genuine	0.000001	-14.4572	fake	NO
D_0002201746	genuine	0.432001	-0.8393	fake	NO
D_0002477245	fake	0.000000	-16.8993	fake	yes
D_0002302504	fake	0.000000	-16.7954	fake	yes
D_0002482390	genuine	0.981576	-0.0186	genuine	yes
D_0002345428	fake	0.000000	-14.7083	fake	yes
D_0002099266	fake	0.000000	-16.7704	fake	yes
D_0002506960	genuine	0.989197	-0.0109	genuine	yes
D_0002311156	genuine	0.976099	-0.0242	genuine	yes
D_0002675800	fake	0.000000	-16.5387	fake	yes
D_0002270752	fake	0.000000	-15.9402	fake	yes
D_0002298745	fake	0.000000	-15.6389	fake	yes
D_0002878051	genuine	0.418520	-0.8710	fake	NO
D_0002479471	fake	0.000000	-17.0725	fake	yes
D_0002755285	genuine	0.065276	-2.7291	fake	NO
D_0002239294	fake	0.000000	-15.5975	fake	yes
D_0002719312	fake	0.000000	-16.8429	fake	yes
D_0002727355	genuine	0.999910	-0.0001	genuine	yes
D_0002176735	fake	0.000000	-16.1189	fake	yes
D_0002028979	fake	0.000000	-17.1172	fake	yes
D_0002925616	fake	0.000000	-15.7537	fake	yes
D_0002608852	genuine	0.000007	-11.9352	fake	NO
D_0002052898	genuine	0.999858	-0.0001	genuine	yes
D_0002091559	fake	0.000000	-17.1192	fake	yes
D_0002118481	fake	0.000000	-15.3567	fake	yes
D_0002409121	fake	0.000000	-16.1864	fake	yes
D_0002538754	fake	0.000000	-16.9078	fake	yes
D_0002214241	fake	0.000000	-15.4305	fake	yes
D_0002187970	fake	0.000000	-16.7782	fake	yes
D_0002844913	fake	0.000000	-16.9376	fake	yes
D_0002460991	genuine	0.000018	-10.9179	fake	NO
D_0002136751	fake	0.000000	-15.3887	fake	yes
D_0002873809	genuine	0.005601	-5.1848	fake	NO
D_0002456497	genuine	0.995071	-0.0049	genuine	yes
D_0002070412	fake	0.000001	-14.0097	fake	yes
D_0002823976	fake	0.000000	-16.0600	fake	yes
D_0002076922	fake	0.000000	-16.7841	fake	yes
D_0002509984	fake	0.000000	-15.2367	fake	yes
D_0002225182	genuine	0.998991	-0.0010	genuine	yes
D_0002903419	genuine	0.979448	-0.0208	genuine	yes
D_0002036392	fake	0.000000	-16.4469	fake	yes
D_0002208298	fake	0.000000	-15.4477	fake	yes
D_0002751253	genuine	0.064508	-2.7410	fake	NO
D_0002628823	fake	0.000000	-17.0934	fake	yes
D_0002699614	fake	0.000000	-16.7096	fake	yes
D_0002613913	fake	0.000000	-17.0166	fake	yes
D_0002580754	fake	0.000000	-17.0998	fake	yes
D_0002117263	genuine	0.992065	-0.0080	genuine	yes
D_0002810557	genuine	0.995648	-0.0044	genuine	yes
D_0002125642	fake	0.000000	-17.0240	fake	yes
D_0002814127	genuine	0.999544	-0.0005	genuine	yes
D_0002063860	genuine	0.999855	-0.0001	genuine	yes
D_0002221486	genuine	0.185774	-1.6832	fake	NO
D_0002840167	genuine	0.198576	-1.6166	fake	NO
D_0002398201	genuine	0.829863	-0.1865	genuine	yes
D_0002775949	fake	0.000000	-16.5948	fake	yes
D_0002635312	genuine	0.997515	-0.0025	genuine	yes
D_0002112958	fake	0.000000	-17.6857	fake	yes
D_0002881138	genuine	0.999941	-0.0001	genuine	yes
D_0002364181	genuine	0.981228	-0.0190	genuine	yes
D_0002760556	fake	0.000000	-17.6933	fake	yes
D_0002010247	fake	0.000000	-16.2408	fake	yes
D_0002597869	fake	0.000000	-17.3080	fake	yes
D_0002322538	fake	0.000000	-17.2008	fake	yes
D_0002763937	genuine	0.856273	-0.1552	genuine	yes
D_0002789683	fake	0.000000	-16.2466	fake	yes
D_0002471680	genuine	0.996805	-0.0032	genuine	yes
D_0002007601	fake	0.000000	-16.6903	fake	yes
D_0002264704	fake	0.000000	-16.6736	fake	yes
D_0002168167	fake	0.000000	-16.1859	fake	yes
D_0002264935	fake	0.000000	-16.0690	fake	yes
D_0002897707	genuine	0.001284	-6.6576	fake	NO
D_0002704549	genuine	0.999947	-0.0001	genuine	yes
D_0002507716	genuine	0.993989	-0.0060	genuine	yes
D_0002274322	fake	0.000000	-16.7148	fake	yes
D_0002861083	genuine	0.964664	-0.0360	genuine	yes
D_0002517019	fake	0.000001	-14.4606	fake	yes
D_0002086099	fake	0.000000	-15.0150	fake	yes
D_0002369830	genuine	0.999787	-0.0002	genuine	yes
D_0002737960	fake	0.000000	-15.4631	fake	yes
D_0002906338	fake	0.000001	-14.1127	fake	yes
D_0002669584	fake	0.000000	-14.8436	fake	yes
D_0002053402	genuine	0.999124	-0.0009	genuine	yes
D_0002035552	fake	0.000000	-16.2221	fake	yes
D_0002400889	genuine	0.999970	-0.0000	genuine	yes
D_0002480731	genuine	0.001441	-6.5423	fake	NO
D_0002573257	fake	0.000006	-12.0281	fake	yes
D_0002522101	fake	0.000000	-16.6201	fake	yes
D_0002857450	genuine	0.999200	-0.0008	genuine	yes
D_0002277010	fake	0.000000	-16.2031	fake	yes
D_0002038597	fake	0.000000	-15.8179	fake	yes
D_0002801611	genuine	0.999996	-0.0000	genuine	yes
D_0002277409	fake	0.000000	-17.3109	fake	yes
D_0002600326	fake	0.000001	-14.3476	fake	yes
D_0002133391	genuine	0.993059	-0.0070	genuine	yes
D_0002246707	genuine	0.992444	-0.0076	genuine	yes
D_0002700013	genuine	0.997735	-0.0023	genuine	yes
D_0002718136	fake	0.000000	-16.8012	fake	yes
D_0002685712	genuine	1.000000	-0.0000	genuine	yes
D_0002271487	fake	0.000000	-17.3230	fake	yes
D_0002450092	genuine	0.958964	-0.0419	genuine	yes
D_0001996156	genuine	0.996448	-0.0036	genuine	yes
D_0002096662	fake	0.000000	-16.6367	fake	yes
D_0002478631	fake	0.000000	-16.9717	fake	yes
D_0002129905	fake	0.000000	-15.6614	fake	yes
D_0002729350	genuine	0.999648	-0.0004	genuine	yes
D_0002131585	fake	0.000000	-17.0625	fake	yes
D_0002486548	genuine	0.997446	-0.0026	genuine	yes
D_0002935234	genuine	0.999969	-0.0000	genuine	yes
D_0002066002	genuine	0.676164	-0.3913	genuine	yes
D_0002518090	genuine	0.998585	-0.0014	genuine	yes
D_0002227387	genuine	0.996418	-0.0036	genuine	yes
D_0002159179	genuine	0.000052	-9.8626	fake	NO
D_0002171800	genuine	0.998176	-0.0018	genuine	yes
D_0002433250	fake	0.000000	-16.0390	fake	yes
D_0002454397	fake	0.000001	-14.2369	fake	yes
D_0002938048	fake	0.000000	-14.5462	fake	yes
D_0002148553	genuine	0.000001	-14.0020	fake	NO
D_0002656438	fake	0.000000	-15.0935	fake	yes
D_0002933281	fake	0.000000	-15.6416	fake	yes
D_0002754004	fake	0.000000	-17.3845	fake	yes
D_0002833510	fake	0.000000	-15.8057	fake	yes
D_0002026648	genuine	0.999922	-0.0001	genuine	yes
D_0002001868	fake	0.000000	-15.0951	fake	yes
D_0002746066	fake	0.000000	-16.1574	fake	yes
D_0002015056	fake	0.000001	-14.3517	fake	yes
D_0002360863	fake	0.000000	-16.9171	fake	yes
D_0002160103	genuine	0.999705	-0.0003	genuine	yes
D_0002801296	genuine	0.954738	-0.0463	genuine	yes
D_0002380372	genuine	0.981444	-0.0187	genuine	yes
D_0002605177	fake	0.000000	-15.9370	fake	yes
D_0002508892	genuine	0.002457	-6.0087	fake	NO
D_0002177029	genuine	0.007874	-4.8442	fake	NO
D_0002427139	genuine	0.920089	-0.0833	genuine	yes
D_0001991221	genuine	0.215737	-1.5337	fake	NO
D_0002489656	genuine	0.005383	-5.2245	fake	NO
D_0002097334	fake	0.000000	-15.9408	fake	yes
D_0002642767	genuine	0.110255	-2.2050	fake	NO
D_0002902747	fake	0.000004	-12.5443	fake	yes
D_0002959699	fake	0.000000	-16.3661	fake	yes
D_0002310337	genuine	0.998233	-0.0018	genuine	yes
D_0002602132	fake	0.000000	-17.2778	fake	yes
D_0002356159	fake	0.000001	-14.2404	fake	yes
D_0002932168	genuine	0.000189	-8.5724	fake	NO
D_0002277787	genuine	0.999578	-0.0004	genuine	yes
D_0002784454	fake	0.000005	-12.1265	fake	yes
D_0002681554	fake	0.000010	-11.4704	fake	yes
D_0002035573	genuine	0.727790	-0.3177	genuine	yes
D_0002159116	genuine	0.137301	-1.9856	fake	NO
D_0002669605	fake	0.000000	-15.9530	fake	yes
D_0002245426	fake	0.000000	-16.1665	fake	yes
D_0002250718	genuine	0.999340	-0.0007	genuine	yes
D_0002190007	genuine	0.740862	-0.2999	genuine	yes
D_0002330140	genuine	0.999990	-0.0000	genuine	yes
D_0002544781	genuine	0.999798	-0.0002	genuine	yes
D_0002933995	fake	0.000000	-15.4409	fake	yes
D_0002460235	fake	0.000000	-17.2009	fake	yes
D_0002402905	fake	0.000000	-17.6547	fake	yes
D_0002245930	genuine	0.999488	-0.0005	genuine	yes
D_0002137423	fake	0.000000	-16.3216	fake	yes
D_0002056699	genuine	0.000002	-13.4027	fake	NO
D_0002179759	genuine	0.998973	-0.0010	genuine	yes
