threshold,TP,FN,FP,TN,FAR_pct,FRR_pct,accuracy_pct,balanced_accuracy_pct,precision_pct,recall_pct,F1
-4.3601,1912,0,6998,90,98.730,0.000,22.244,50.635,21.459,100.000,35.335
-3.9532,1910,2,3208,3880,45.260,0.105,64.333,77.318,37.319,99.895,54.339
-3.5464,1909,3,1023,6065,14.433,0.157,88.600,92.705,65.109,99.843,78.819
-3.1396,1896,16,519,6569,7.322,0.837,94.056,95.920,78.509,99.163,87.636
-2.7327,1885,27,309,6779,4.359,1.412,96.267,97.114,85.916,98.588,91.817
-2.3629,1859,53,195,6893,2.751,2.772,97.244,97.238,90.506,97.228,93.747
-2.3259,1855,57,183,6905,2.582,2.981,97.333,97.219,91.021,97.019,93.924
-1.9191,1806,106,128,6960,1.806,5.544,97.400,96.325,93.382,94.456,93.916
-1.5123,1682,230,91,6997,1.284,12.029,96.433,93.343,94.867,87.971,91.289
-1.1054,1487,425,72,7016,1.016,22.228,94.478,88.378,95.382,77.772,85.681
-0.6986,1176,736,60,7028,0.847,38.494,91.156,80.330,95.146,61.506,74.714
-0.2918,837,1075,50,7038,0.705,56.224,87.500,71.535,94.363,43.776,59.807
0.0000,716,1196,44,7044,0.621,62.552,86.222,68.413,94.211,37.448,53.593
0.1151,684,1228,43,7045,0.607,64.226,85.878,67.584,94.085,35.774,51.838
0.5219,609,1303,39,7049,0.550,68.149,85.089,65.651,93.981,31.851,47.578
0.9287,532,1380,34,7054,0.480,72.176,84.289,63.672,93.993,27.824,42.938
1.3355,455,1457,27,7061,0.381,76.203,83.511,61.708,94.398,23.797,38.012
1.7424,395,1517,16,7072,0.226,79.341,82.967,60.217,96.107,20.659,34.008
2.1492,334,1578,12,7076,0.169,82.531,82.333,58.650,96.532,17.469,29.584
2.5560,282,1630,10,7078,0.141,85.251,81.778,57.304,96.575,14.749,25.590
2.9629,218,1694,6,7082,0.085,88.598,81.111,55.659,97.321,11.402,20.412
3.3697,148,1764,4,7084,0.056,92.259,80.356,53.842,97.368,7.741,14.341
3.7765,89,1823,2,7086,0.028,95.345,79.722,52.313,97.802,4.655,8.887
